facility_chars.Fac_Name,facility_types.Fac_Type,facility_chars.Fac_Add,facility_chars.Fac_TMK,facility_chars.GW_Risk,facility_chars.Fac_Area_Acre,facility_chars.Fac_Area,facility_chars.Bldg_Area,facility_chars.Pave_Area,facility_chars.Unpave_Area,facility_chars.Imperv,facility_chars.Tm,facility_chars.Runoff_Coeff,facility_chars.Length,facility_chars.Char_Ground,facility_chars.Fac_Slope,facility_chars.TC,facility_chars.CF,facility_chars.Q_Peak,facility_chars.WQV,facility_chars.Des_Storm_Depth,facility_chars.Runoff_Coeff2,facility_chars.Imperv2,facility_chars.Fac_Area2,facility_chars.WQFR,facility_chars.Runoff_Coeff3,facility_chars.WQ_Intensity,facility_chars.Fac_Area3,facility_chars.OP_Shutdown,facility_chars.Soil_Type,facility_chars.FP_100_Year,facility_chars.Num_Ind_DP,facility_chars.Runoff_Type,facility_chars.Ex_Struct_BMP,facility_chars.Count_Pipe,facility_chars.Count_Sheet,facility_chars.Count_CB,facility_chars.Count_Chan,facility_chars.Count_DS,facility_chars.Count_TD,facility_chars.SMA_Area,facility_chars.OFFSITE_SD_Exist,facility_chars.DS_SS_Exist,facility_chars.EM_Area,facility_chars.Dmg_Pave,facility_chars.TFMR_Exist,facility_chars.Can_Add_SD,facility_chars.Indus_Area,facility_chars.Indus_WQV,facility_chars.Indus_WQFR
Kalihi-Palama Bus & Paratransit Facility,Bus Maintenance Facility,"611 and 811 Middle Street 
Honolulu, Hawaii 96819","(1) 1-2-015:006, (1) 1-2-016-006:007, (1) 1-2-018-003, 009, 011",High,24.6671258,1074500,206538,867962,0,1,2.4,0.9,403,Paved,0.014888337,7.5,2.5,133.2024793,85064.58333,1,0.95,1,24.6671258,13.32024793,0.9,0.4,24.6671258,0,Quarry,Partial,3,Catch Basin to Piped Outlet,OWS,0,0,3,0,0,0,No,Yes,Yes,120,0,Yes,Yes,1045400,31774.3,12.96
Pearl City Bus Facility,Bus Maintenance Facility,"1200 Waimano Home Road 
Pearl City, Hawaii 96782",(1) 9-7-024:047,High,24.04299816,1047313,122654,854990,69669,0.933478339,2.4,0.9,687,Paved,0.02238806,7.5,1.7,88.28588926,77687.10417,1,0.890130505,0.933478339,24.04299816,12.98321901,0.9,0.4,24.04299816,0,Silty Clay Loam,Undetermined,2,Catch Basin to Piped Outlet,OWS,0,0,2,0,0,0,No,Yes,Yes,120,0,Yes,Yes,1047313,77687.10417,12.98321901
Kapaa Refuse Transfer Station,Refuse Transfer Stations/Collection Yards/Centers,"100 Kapaa Quarry Road
Kailua, Hawaii, 96734",(1) 4-2-015:005,Medium,13.14,572378.4,36692,216424,319262.4,0.442217945,2.8,0.9,694,Paved,0.02,8,2.5,82.782,21368.61,1,0.447996151,0.442217945,13.14,7.0956,0.9,0.4,13.14,0,Quarry,No,2,Catch Basin to Piped Outlet,None,0,0,2,0,0,0,Yes,No,No,216424,54106,Yes,Yes,403900,19531.8,5.01
Kawailoa Refuse Transfer Station,Refuse Transfer Stations/Collection Yards/Centers,"62-180 Kawailoa Drive
Haleiwa, Hawaii 96712",(1) 6-1-005:018,High,3.049494949,132836,1937,50750,80149,0.396631937,2.6,0.9,154,Paved,0.019607843,6,2.6,18.55312727,4505.008333,1,0.406968743,0.396631937,3.049494949,1.646727273,0.9,0.4,3.049494949,0,Coral Outcrop,No,1,Piped Outlet,None,1,1,0,0,0,0,Yes,No,No,50750,12687.5,Yes,No,132836,4505.008333,1.646727273
Keehi Refuse Transfer Station,Refuse Transfer Stations/Collection Yards/Centers,"606 Middle Street
Honolulu, Hawaii 96819",(1) 1-1-006:013,High,5.589233242,243467,56755,131614,55098,0.773694176,2.3,0.9,544,Paved,0.044117647,6.5,2.6,30.08125331,15142.12083,1,0.746324759,0.773694176,5.589233242,3.01818595,0.9,0.4,5.589233242,0,Fill,Yes,1,Catch Basin to Piped Outlet,None,0,0,1,0,0,0,No ,Yes,Yes,131614,32903.5,Yes,Yes,243467,15142.12083,3.01818595
Honolulu Refuse Collection Yard,Refuse Transfer Stations/Collection Yards/Centers,"626 Middle Street
Honolulu, Hawaii 96819",(1) 1-1-008:002,High,1.818227732,79202,5993,54098,19111,0.758705588,2.3,0.9,343,Paved,0.013119534,6.5,2.5,9.409328512,4836.833333,1,0.732835029,0.758705588,1.818227732,0.981842975,0.9,0.4,1.818227732,0,Fill,Partial,1,Sheet Flow,None,0,1,0,0,0,0,No ,No,No,54098,13524.5,No,Yes,79202,4836.833333,0.981842975
Pearl City Refuse Collection Yard,Refuse Transfer Stations/Collection Yards/Centers,"952 Third Street
Pearl City, Hawaii 96782",(1) 9-7-023:009,High,0.715977961,31188,17408,13780,0,1,2.4,0.9,343,Paved,0.005,6,2.6,4.020932231,2469.05,1,0.95,1,0.715977961,0.386628099,0.9,0.4,0.715977961,0,Loam,No,1,Catch Basin to Piped Outlet,None,0,0,1,0,0,0,No,Yes,Yes,13780,3445,No,Yes,31188,2469.05,0.386628099
Kapaa Refuse Collection Yard,Refuse Transfer Stations/Collection Yards/Centers,"100 Kapaa Quarry Road
Kailua, Hawaii 96734",(1) 4-2-015:005,High,3.067056933,133601,4016,67581,62004,0.535901677,2.7,0.9,754,Paved,0.021220159,8.5,2.4,17.88707603,5926.445833,1,0.53231151,0.535901677,3.067056933,1.656210744,0.9,0.4,3.067056933,0,Quarry,No,1,Sheet Flow,Detention Pond,0,1,0,0,0,0,Yes,Yes,No,67581,16895.25,No,Yes,133601,5926.445833,1.656210744
Waianae Refuse Collection Yard,Refuse Transfer Stations/Collection Yards/Centers,"86-160 Farrington Highway
Waianae, Hawaii 96792",(1) 8-6-001:044,High,3.345224977,145718,4299,30888,110531,0.241473257,2.3,0.9,113,Paved/Gravel,0.02,14.5,2.3,15.92661612,3246.183333,1,0.267325931,0.241473257,3.345224977,1.806421488,0.9,0.4,3.345224977,0,Clay,Partial,1,Sheet Flow,None,0,1,0,0,0,0,Yes,No,Yes,30888,7722,No,No,145718,3246.183333,1.806421488
Ewa Refuse Convenience Center,Refuse Transfer Stations/Collection Yards/Centers,"91-1000 Geiger Road,
Ewa Beach, Hawaii 96706",(1) 9-1-013:007,Medium,1.105922865,48174,0,24330,23844,0.505044215,2,0.85,431,Paved,0.01,7.8,2.5,4.700172176,2025.475,1,0.504539793,0.505044215,1.105922865,0.564020661,0.85,0.4,1.105922865,0,Mamala Cobbly Silty Clay Loam,Undetermined area,1,Channelized Flow,Grass Swale,0,2,0,1,0,0,No ,No ,Yes,24330,6082.5,No ,No,48174,2025.475,0.564020661
Laie Refuse Convenience Center,Refuse Transfer Stations/Collection Yards/Centers,"56-020 Kamehameha Highway
Laie, Hawaii 96762",(1) 5-6-006:001,High,2.020018365,87992,0,87992,0,1,2,0.85,452,Paved,0.01,8,2.5,8.585078053,6966.033333,1,0.95,1,2.020018365,1.030209366,0.85,0.4,2.020018365,0,Lahaina Silty Clay,Undetermined area,1,Sheet Flow,None,0,3,0,0,0,0,No ,No,No,87992,21998,No ,No,87992,6966.033333,1.030209366
Wahiawa Refuse Convenience Center,Refuse Transfer Stations/Collection Yards/Centers,"71-129 Wilikina Drive
Wahiawa, Hawaii 96786",(1) 7-1-001:009,Medium,1.339554637,58351,0,34300,24051,0.587821974,2.9,0.9,319,Paved,0.07523511,6,2.6,9.090217769,2815.629167,1,0.579039777,0.587821974,1.339554637,0.723359504,0.9,0.4,1.339554637,0,Clay,Undetermined area,1,Sheet Flow,None,0,1,0,0,0,0,No ,No,No,34300,8575,No ,No,58351,2815.629167,0.723359504
Waimanalo Refuse Convenience Center,Refuse Transfer Stations/Collection Yards/Centers,"41-241 Hihimanu Street
Waimanalo, Hawaii 96795",(1) 4-1-009:283,High,0.91751607,39967,0,24294,15673,0.607851477,2.8,0.9,431,Paved/Grass,0.005,34,1.4,3.236996694,1988.579167,1,0.59706633,0.607851477,0.91751607,0.495458678,0.9,0.4,0.91751607,0,Cobbly Silty Clay Loam,Partial,1,Sheet Flow,None,0,1,0,0,0,0,No ,No,Yes,24294,6073.5,No ,No,39967,1988.579167,0.495458678
Waipahu Refuse Convenience Center,Refuse Transfer Stations/Collection Yards/Centers,"93-071 Waipahu Depot Street
Waipahu, Hawaii 96707",(1) 9-3-002:009,High,0.641758494,27955,0,17893,10062,0.640064389,2.3,0.9,223,Bare Soil,0.005,13.5,2,2.656880165,1458.454167,1,0.62605795,0.640064389,0.641758494,0.346549587,0.9,0.4,0.641758494,0,Tropaquets,Partial,1,Channelized Flow,Vegetated Swale,0,0,0,1,0,0,Yes,Yes,Yes,17893,4473.25,No ,Yes,27955,1458.454167,0.346549587
Waianae Refuse Convenience Center,Refuse Transfer Stations/Collection Yards/Centers,"82-572 Waianae Valley Road
Waianae, Hawaii 96792",(1) 8-5-003:001,High,0.609343434,26543,0,16312,10231,0.614549976,2.4,0.9,218,Paved,0.01,7,2.6,3.422072727,1333.995833,1,0.603094978,0.614549976,0.609343434,0.329045455,0.9,0.4,0.609343434,0,Coral Outcrop / Silty Clay Loam,No,1,Channelized Flow,None,0,0,0,1,0,0,No,No,No,16312,4078,No ,No,26543,1333.995833,0.329045455
Waikiki Fire Station,Fire/Police Stations,"381 Kapahulu Ave
Honolulu, Hawaii 96815",3-1-043:002,High,1.48,64468.8,16202.21,20623.87,27642.72,0.571223289,2,0.9,102.75,Paved,0.009,6,2.75,7.326,3030.576,1,0.56410096,0.571223289,1.48,0.7992,0.9,0.4,1.48,0,Loam,No,2,Catch Basin to Piped Outlet/Sheet Flow,None,0,1,1,0,0,0,No,Yes,Yes,0,0,No,N/A,64468.8,3030.576,0.7992
Pearl City Fire Station,Fire/Police Stations,"886 First Street
Pearl City, Hawaii 96782",9-7-020:004,Medium,0.46,20037.6,4962.59,6678.9,8396.11,0.580982253,2.4,0.9,49.59,Average Grass Surface,0.02,9.5,2.3,2.28528,956.60175,1,0.572884028,0.580982253,0.46,0.2484,0.9,0.4,0.46,0,Clay,Undetermined Area,1,Sheet Flow,None,0,1,0,0,0,0,No,Yes,Yes,0,0,No,N/A,20037.6,956.60175,0.2484
Wahiawa Police Station,Fire/Police Stations,"330 North Cane Street
Wahiawa, Hawaii 96786",(1) 7-4-007:006,High,4.15,180774,31603.67,68109.07,81061.26,0.551587839,2.9,0.9,193.89,Paved,0.04,6,2.75,29.786625,8231.6805,1,0.546429055,0.551587839,4.15,2.241,0.9,0.4,4.15,0,Clay,Undetermined Area,2,Catch Basin to Piped Outlet/Channelized Flow,None,0,0,1,1,0,0,No ,Yes,Yes,60,0,No,N/A,180774,8231.6805,2.241
Makiki Fire Station,Fire/Police Station,"1202 Wilder Avenue
Honolulu, Hawaii 96822",2-4-029:029,Low,0.519864096,22645.28,4921.59,5801.04,11922.65,0.473503971,2.4,0.9,142,Average Grass,0.063380282,12,2.2,2.470394182,898.5525833,1,0.476153574,0.473503971,0.519864096,0.280726612,0.9,0.4,0.519864096,0,Loam,No,1,Catch Basin to Piped Outlet,None,0,0,1,0,0,0,No ,Yes,Yes,0,0,No,N/A,22645.28,898.5525833,0.280726612
Manoa Fire Station,Fire/Police Stations,"2850 East Manoa Road
Honolulu, Hawaii 96822",(1) 2-9-021:045,High,0.66,28749.6,6176.2,9549.18,13024.22,0.546977349,2.6,0.9,216,Paved,0.02,6,2.75,4.2471,1299.1935,1,0.542279614,0.546977349,0.66,0.3564,0.9,0.4,0.66,0,Loam,No,1,Sheet Flow,Vegetated Swale,0,1,0,0,0,0,No,Yes,Yes,60,0,No,N/A,28749.6,1299.1935,0.3564
Aikahi Fire Station,Fire/Police Stations,"45 Kaneohe Bay Drive
Kailua, Hawaii 96734",4-4-002-038,Low,0.45,19602,5055,10674.17,3872.83,0.802426793,2.6,0.9,110,Paved,0.018181818,6,2.75,2.89575,1261.36275,1,0.772184114,0.802426793,0.45,0.243,0.9,0.4,0.45,0,Clay,No,1,Sheet Flow,None,0,1,0,0,0,0,No,Yes,Yes,60,0,No,N/A,19602,1261.36275,0.243
Kapolei Police Station,Fire/Police Stations,"1100 Kamokila Boulevard
Kapolei, Hawaii 96707",(1) 9-1-088:003,Low,4.73,206038.8,30715.05,84744.16,90579.59,0.560376055,2.2,0.9,168.71,Paved,0.02,7,2.7,25.28658,9517.93575,1,0.55433845,0.560376055,4.73,2.5542,0.9,0.4,4.73,0,Loam,Undetermined Area,2,Catch Basin to Piped Outlet/Channelized Flow,Media Flume Filter,0,0,1,1,0,0,No,Yes,Yes,120,0,No,N/A,206038.8,9517.93575,2.5542
Mokulele Fire Station and Training Center,Fire/Police Stations,"890 Valkenburgh Street
Honolulu, Hawaii 96818",(1) 1-1-002:012,Low,5.74,250034.4,53159.66,143093.59,53781.15,0.784904997,2.25,0.9,51.5,Paved,0.005,6,2.75,31.964625,15760.80375,1,0.756414497,0.784904997,5.74,3.0996,0.9,0.4,5.74,0,Clay,Undetermined Area,2,Catch Basin to Piped Outlet,Bio Clean Flume Filter,0,0,2,0,0,0,No,Yes,No,0,0,No,N/A,250034.4,15760.80375,3.0996
Kalihi Police Station,Fire/Police Stations,"1861 Kamehemeha IV Road
Honolulu, Hawaii 96819",(1) 1-3-024:006,High,0.7,30492,12935.55,9200.32,8356.13,0.725956644,2.6,0.9,195.01,Paved,0.02,6,2.75,4.5045,1787.24025,1,0.70336098,0.725956644,0.7,0.378,0.9,0.4,0.7,0,Clay,No,2,Catch Basin to Piped Outlet/Sheet Flow,None,0,1,1,0,0,0,No,Yes,Yes,0,0,No,N/A,30492,1787.24025,0.378
Kahuku Police Station,Fire/Police Stations,"56-470 Kamehameha Highway
Kahuku , Hawaii 96731",(1) 5-6-006:020,Medium,1,43560,16732.21,13676.78,13151.01,0.698094353,2.7,0.9,91.31,Paved,0.07,6,2.75,6.6825,2462.17425,1,0.678284917,0.698094353,1,0.54,0.9,0.4,1,0,Loam,No,1,Catch Basin to Piped Outlet,None,0,1,1,0,0,0,No,Yes,Yes,0,0,No,N/A,43560,2462.17425,0.54
Kailua Police Station,Fire/Police Stations,"219 Kuulei Road
Kailua, Hawaii 96734",(1) 4-3-056:008,Medium,0.72,31363.2,13353.37,11209.12,6800.71,0.783162751,2.6,0.9,109.15,Paved,0.005,6,2.75,4.6332,1972.86675,1,0.754846476,0.783162751,0.72,0.3888,0.9,0.4,0.72,0,Sand,No,2,Sheet Flow / Channelized Flow,None,0,1,0,1,0,0,No,Yes,Yes,0,0,No,N/A,31363.2,1972.86675,0.3888
Mililani-Mauka Fire Station,Fire/Police Stations,"95-1990 Meheula Parkway
Mililani, Hawaii 96789",9-5-049-005,Low,0.66,28749.6,11181.44,12231.44,5336.72,0.814372374,2.8,0.9,135.82,Paved,0.02,6,2.75,4.5738,1875.756,1,0.782935136,0.814372374,0.66,0.3564,0.9,0.4,0.66,0,Clay,Undetermined Area,1,Catch Basin to Piped Outlet,None,0,0,1,0,0,0,No ,Yes,Yes,60,0,No,N/A,28749.6,1875.756,0.3564
Kalihi-Uka Fire Station,Fire/Police Stations,"1861 Kamehameha IV Road
Honolulu, Hawaii 96819",1-3-024-006,High,0.57,24829.2,8932.66,11668.25,4228.29,0.829704944,2.5,0.9,258.83,Paved,0.03,6,2.75,3.526875,1648.52325,1,0.79673445,0.829704944,0.57,0.3078,0.9,0.4,0.57,0,Clay,No,2,Sheet Flow,None,0,2,0,0,0,0,No,Yes,Yes,0,0,No,N/A,24829.2,1648.52325,0.3078
Nuuanu Fire Station,Fire/Police Stations,"115 Wyllie Street
Honolulu, Hawaii 96817",1-8-005-027,High,0.71,30927.6,5222.78,10142.65,15562.17,0.496819346,2.6,0.9,103.86,Paved,0.05,6,2.75,4.56885,1281.27225,1,0.497137411,0.496819346,0.71,0.3834,0.9,0.4,0.71,0,Clay,No,1,Sheet Flow,None,0,1,0,0,0,0,No,Yes,Yes,0,0,No,N/A,30927.6,1281.27225,0.3834
Waiau Fire Station,Fire/Police Stations,"98-1109 Komo Mai Drive
Pearl City, Hawaii 96782",9-8-52-015,Low,0.56,24393.6,9394.42,9345.32,5653.86,0.768223632,2.5,0.9,57.65,Paved,0.02,6,2.75,3.465,1507.1205,1,0.741401269,0.768223632,0.56,0.3024,0.9,0.4,0.56,0,Clay,No,1,Sheet Flow,None,0,0,1,0,0,0,No,Yes,Yes,0,0,No,N/A,24393.6,1507.1205,0.3024
Kapolei Fire Station,Fire/Police Stations,"2020 Lauwiliwili Street
Kapolei, Hawaii 96707",(1) 9-1-075:037,Low,1.71,74487.6,18765.04,24095.97,31626.59,0.575411344,2.2,0.9,118.24,Paved,0.005,6,2.75,9.31095,3524.94075,1,0.567870209,0.575411344,1.71,0.9234,0.9,0.4,1.71,0,Clay,Undetermined Area,2,Catch Basin to Piped Outlet,None,0,0,2,0,0,0,None,Yes,Yes,120,0,No,N/A,74487.6,3524.94075,0.9234
Central Fire Station,Fire/Police Stations,"104 South Beretania Street
Honolulu, Hawaii 96813",2-1-009-026,Medium,0.3,13068,6449.73,3271.66,3346.61,0.74390802,2.3,0.9,70.11,Paved,0.03,6,2.75,1.70775,783.55425,1,0.719517218,0.74390802,0.3,0.162,0.9,0.4,0.3,0,Loam,No,1,Sheet Flow,None,0,1,0,0,0,0,No,Yes,Yes,60,0,No,N/A,13068,783.55425,0.162
Olomana Fire Station,Fire/Police Station,"42-510 Kalanianaole Highway
Kailua, Hawaii 96734",4-2-006-006,Low,0.46,20037.6,5814.68,7543.88,6679.04,0.666674652,2.75,0.9,53.5,Paved,0.02,6,2.75,3.130875,1085.382,1,0.650007186,0.666674652,0.46,0.2484,0.9,0.4,0.46,0,Loam,No,1,Sheet Flow,Vegetated Swale,0,1,0,0,0,0,No,Yes,Yes,60,0,No,N/A,20037.6,1085.382,0.2484
Waipahu Vehicle Maintenance Shop,Fire/Police Stations,"93-145 Waipahu Depot Street
Waipahu, Hawaii 96797",(1) 9-3-002:009,High,4,174240,69509.86,81838.02,22892.12,0.868617309,2.3,0.9,195,Paved,0.005,6.5,2.6,21.528,12077.091,1,0.831755579,0.868617309,4,2.16,0.9,0.4,4,0,Fill Land,Undetermined Area,3,Sheet Flow / Channelized Flow,None,0,2,0,1,0,0,Yes,Yes,Yes,180,0,Yes,Yes,174240,12077.091,2.16
Sunset Beach Fire Station,Fire/Police Station,"59-719 Kamehameha Highway
Haleiwa, Hawaii 96712",(1) 5-9-004:029,High,0.56,24393.6,7203.48,4399.59,12790.53,0.475660419,2.51,0.9,76.77,Poor Grass Surface,0.1,6.5,2.6,3.289104,971.87025,1,0.478094377,0.475660419,0.56,0.3024,0.9,0.4,0.56,0,Beaches,Yes,1,Catch Basin to Piped Outlet,None,0,0,1,0,0,0,Yes,Yes,No,0,0,No,N/A,24393.6,971.87025,0.3024
Waikele Fire Station,Fire/Police Station,"94-840 Lumiaina Street
Waipahu, Hawaii 96797",(1) 9-4-007:075,Low,0.78,33976.8,7366.64,12567.1,14043.06,0.586686798,2.4,0.9,141,Paved,0.04,6,2.75,4.6332,1636.6005,1,0.578018118,0.586686798,0.78,0.4212,0.9,0.4,0.78,0,Loam,Undetermined Area,2,Catch Basin to Pipe Outlet,None,0,0,2,0,0,0,No ,Yes,Yes,60,0,No,N/A,33976.8,1636.6005,0.4212
Wahiawa Fire Station,Fire/Police Stations,"640 California Avenue
Wahiawa, Hawaii 96786",7-4-004-061,Medium,0.46,20037.6,9134.14,9988.71,914.75,0.954348325,2.8,0.9,100,Paved,0.005,6,2.75,3.1878,1517.70375,1,0.908913493,0.954348325,0.46,0.2484,0.9,0.4,0.46,0,Clay,Undetermined Area,1,Sheet Flow,None,0,1,0,0,0,0,No ,Yes,Yes,60,0,No,N/A,20037.6,1517.70375,0.2484
Waimanalo Fire Station,Fire/Police Stations,"41-1301 Kalanianaole Highway
Waimanalo, Hawaii 96795",4-1-009-280,Low,0.84,36590.4,6533.85,13827.28,16229.27,0.556460984,2.75,0.9,338.96,Average Grass Surface,0.005,27,1.5,3.1185,1679.54475,1,0.550814886,0.556460984,0.84,0.4536,0.9,0.4,0.84,0,Loam,No,1,Catch Basin to Piped Outlet,None,0,0,1,0,0,0,Yes,No,Yes,60,0,No,N/A,36590.4,1679.54475,0.4536
Waianae Police Station,Fire/Police Stations,"85-939 Farrington Highway
Waianae, Hawaii 96792","8-5-008: 051, 043, 044, 041, 040",High,1.6,69696,11509.34,26093.52,32093.14,0.539526802,2.05,0.9,258.9,Poor Grass Surface,0.01,16,1.9,5.6088,3110.6145,1,0.535574122,0.539526802,1.6,0.864,0.9,0.4,1.6,0,Loam,No,1,Sheet Flow,None,0,1,0,0,0,0,No,Yes,Yes,60,0,No,N/A,69696,3110.6145,0.864
Wailupe Fire Station,Fire/Police Station,"5046 Kalanianaole Highway
Honolulu, Hawaii 96821",3-6-009-001,High,0.36,15681.6,6396.53,7570.73,1714.34,0.890678247,2.4,0.9,158.43,Paved,0.02,6,2.75,2.1384,1112.8845,1,0.851610422,0.890678247,0.36,0.1944,0.9,0.4,0.36,0,Coral Outcrop,No,2,Trench Drain to Piped Outlet / Sheet Flow,None,0,1,0,0,0,1,No,Yes,Yes,0,0,No,N/A,15681.6,1112.8845,0.1944
Waipahu Training Academy,Fire/Police Stations,"93-093 Waipahu Depot Street
Waipahu, Hawaii 96797",(1) 9-3-002:009,High,16.6,723096,70001.64,279047.49,374046.87,0.482714785,2.3,0.9,750.58,Poor Grass Surface,0.08,16,1.9,65.2878,29191.58475,1,0.484443306,0.482714785,16.6,8.964,0.9,0.4,16.6,0,Fill Land,Undetermined Areas,1,Catch Basin to Piped Outlet,None,0,0,1,0,0,0,Yes,Yes,Yes,0,0,No,N/A,723096,29191.58475,8.964
Kaimuki Fire Station,Fire/Police Stations,"971 Koko Head Avenue
Honolulu, Hawaii 96816",3-2-036-007,Low,0.49,21344.4,5692.86,9277.08,6374.46,0.701352111,2.25,0.9,54.52,Paved,0.13,6,2.75,2.7286875,1211.6805,1,0.6812169,0.701352111,0.49,0.2646,0.9,0.4,0.49,0,Loam,No,1,Sheet Flow,None,0,1,0,0,0,0,No,No,Yes,0,0,No,N/A,21344.4,1211.6805,0.2646
Kaaawa Fire Station,Fire/Police Stations,"51-518 Kamehameha Highway
Kaaawa, Hawaii 96730",5-1-011-051,High,0.43,18730.8,5450.06,4978.85,8301.89,0.556778675,2.9,0.9,58.32,Paved,0.03,6,2.75,3.086325,860.21325,1,0.551100807,0.556778675,0.43,0.2322,0.9,0.4,0.43,0,Clay,No,2,Catch Basin to Piped Outlet/Sheet Flow,None,0,1,1,0,0,0,Yes,Yes,No,60,0,No,N/A,18730.8,860.21325,0.2322
Moanalua Fire Station,Fire/Police Stations,"2835 Ala Ilima Street
Honolulu, Hawaii 96818",1-1-063-012,Medium,0.35,15246,4784.44,6527.8,3933.76,0.741980847,2.4,0.9,97.43,Paved,0.07,6,2.75,2.079,911.943,1,0.717782763,0.741980847,0.35,0.189,0.9,0.4,0.35,0,Rock,None,1,Catch Basin to Piped Outlet,None,0,0,1,0,0,0,No ,Yes,Yes,0,0,No,N/A,15246,911.943,0.189
McCully (-Moiliili) Fire Station,Fire/Police Stations,"2425 Date Street
Honolulu, Hawaii 96826",2-7-14:6,Medium,0.46,20037.6,9419.41,4905.84,5712.35,0.714918453,2.25,0.9,47.76,Paved,0.005,6,2.75,2.561625,1157.88375,1,0.693426608,0.714918453,0.46,0.2484,0.9,0.4,0.46,0,Fill Land,No,2,Trench Drain to Piped Outlet,?,0,0,0,0,0,1,No,Yes,Yes,60,0,No,N/A,20037.6,1157.88375,0.2484
Pawaa Fire Station,Fire/Police Stations,"1610 Makaloa Street
Honolulu, Hawaii 96814",(1) 2-3-020:029,Medium,0.48,20908.8,12533.06,6299.76,2075.98,0.900712619,2.2,0.9,54.18,Paved,0.005,6,2.75,2.6136,1499.5815,1,0.860641357,0.900712619,0.48,0.2592,0.9,0.4,0.48,0,Loam,No,1,Trench Drain to Piped Outlet,None,0,0,0,0,0,1,No,Yes,Yes,0,0,No,N/A,20908.8,1499.5815,0.2592
Waialua Fire Station,Fire/Police Stations,"66-420 Haleiwa Road
Haleiwa, Hawaii 96712",(1) 6-6-013:003,High,0.4,17424,4391.29,7303.11,5729.6,0.671166208,2.55,0.9,79.93,Paved,0.005,6,2.75,2.5245,949.68,1,0.654049587,0.671166208,0.4,0.216,0.9,0.4,0.4,0,Loam,Yes,2,Channelized Flow/Sheet Flow,None,0,1,0,1,0,0,0,Yes,Yes,0,0,No,N/A,17424,949.68,0.216
Kahaluu Fire Station,Fire/Police Station,"47-304 Waihee Road
Kaneohe, Hawaii 96744",4-7-063-001,Medium,0.46,20037.6,3599.48,6758.09,9680.03,0.516906715,2.75,0.9,112.88,Paved,0.02,6,2.75,3.130875,860.30775,1,0.515216044,0.516906715,0.46,0.2484,0.9,0.4,0.46,0,Clay,No,1,Catch Basin to Piped Outlet,None,0,0,1,0,0,0,No,Yes,No,60,0,No,N/A,20037.6,860.30775,0.2484
Kuakini Fire Station,Fire/Police Stations,"601 N. Kuakini Street
Honolulu, Hawaii 96817",1-7-035-039,High,0.39,16988.4,7987.99,5802.1,3198.31,0.811735655,2.5,0.9,116.79,Paved,0.03,6,2.75,2.413125,1105.04175,1,0.780562089,0.811735655,0.39,0.2106,0.9,0.4,0.39,0,Clay,No,2,Catch Basin to Piped Outlet/Sheet Flow,None,0,1,1,0,0,0,No,Yes,Yes,0,0,No,N/A,16988.4,1105.04175,0.2106
East Kapolei Fire Station,Fire/Police Stations,"91-1211 Kinoiki Street
Kapolei, Hawaii 96707",9-1-151:003,Low,2.23,97138.8,22013.27,40584.49,34541.04,0.64441562,2.1,0.9,121.87,Paved,0.005,6,2.75,11.590425,5099.577,1,0.629974058,0.64441562,2.23,1.2042,0.9,0.4,2.23,0,Clay,No,3,Catch Basin to Piped Outlet/Channelized Flow,Vegetated Swale,0,0,1,2,0,0,No,Yes,Yes,120,0,No,N/A,97138.8,5099.577,1.2042
Kahuku Fire Station,Fire/Police Stations,"56-460 Kamehameha Highway
Kahuku, Hawaii 96731",5-6-006-020,Medium,0.84,36590.4,5871.93,13756.9,16961.57,0.536447538,2.8,0.9,125.38,Paved,0.02,6,2.75,5.8212,1624.62225,1,0.532802784,0.536447538,0.84,0.4536,0.9,0.4,0.84,0,Sand,Yes,2,Sheet Flow,None,0,2,0,0,0,0,No ,Yes,Yes,0,0,No,N/A,36590.4,1624.62225,0.4536
Palolo Fire Station,Fire/Police Stations,"3345 Kiwila Street
Honolulu, Hawaii 96816",3-4-007-003,High,0.44,19166.4,5562.24,6754.7,6849.46,0.642631897,2.45,0.9,168.3,Poor Grass Surface,0.07,9.25,2.4,2.32848,1003.6305,1,0.628368708,0.642631897,0.44,0.2376,0.9,0.4,0.44,0,Loam,No,1,Sheet Flow,None,0,1,0,0,0,0,No,Yes,Yes,60,0,No,N/A,19166.4,1003.6305,0.2376
Makakilo Fire Station,Fire/Police Stations,"92-885 Makakilo Drive
Kapolei, Hawaii 96707",9-2-019-019,Low,0.46,20037.6,5000.48,8643.65,6393.47,0.680926358,2.25,0.9,89,Paved,0.15,6,2.75,2.561625,1106.79975,1,0.662833723,0.680926358,0.46,0.2484,0.9,0.4,0.46,0,Rock,Undetermined Area,1,Catch Basin to Piped Outlet,None,0,0,1,0,0,0,No ,Yes,Yes,60,0,No,N/A,20037.6,1106.79975,0.2484
Aiea Fire Station,Fire/Police Stations,"98-1239 Ulune Street
Aiea, Hawaii 96701",(1) 9-8-029:001,High,0.57,24829.2,5056.86,10343.18,9429.16,0.620239073,2.5,0.9,105.93,Paved,0.07,6,2.75,3.526875,1258.458,1,0.608215166,0.620239073,0.57,0.3078,0.9,0.4,0.57,0,Clay,No,1,Sheet Flow,None,0,1,0,0,0,0,No,Yes,Yes,60,0,No,N/A,24829.2,1258.458,0.3078
Kailua Fire Station,Fire/Police Stations,"211 Kuulei Road
Kailua, Hawaii 96734",(1) 4-3-056:009,Medium,1.05,45738,10043.38,15835.7,19858.92,0.56581136,2.6,0.9,137.37,Paved,0.005,6,2.75,6.75675,2131.506,1,0.559230224,0.56581136,1.05,0.567,0.9,0.4,1.05,0,Sand,No,1,Catch Basin,Seepage Pit,0,0,0,0,0,0,No,Yes,Yes,0,0,No,N/A,45738,2131.506,0.567
Kalihi-Kai Fire Station,Fire/Police Stations,"1334 Nimitz Highway
Honolulu, Hawaii 96817",(1) 1-5-033:014,High,0.87,37897.2,15332.38,12510.91,10053.91,0.73470573,2.3,0.9,107.1,Paved,0.01,6,2.75,4.952475,2246.15175,1,0.711235157,0.73470573,0.87,0.4698,0.9,0.4,0.87,0,Fill Land,No,1,Sheet Flow,None,0,1,0,0,0,0,No,Yes,Yes,0,0,No,N/A,37897.2,2246.15175,0.4698
Waianae Fire Station,Fire/Police Stations,"85-645 Farrington Highway
Waianae, Hawaii 96792",8-5-002-048,High,0.59,25700.4,6374.68,15191.55,4134.17,0.839139858,2.05,0.9,161.13,Paved,0.006,6,2.75,2.9935125,1724.55225,1,0.805225872,0.839139858,0.59,0.3186,0.9,0.4,0.59,0,Loam,No,1,Sheet Flow,None,0,1,0,0,0,0,Yes,Yes,Yes,60,0,No,N/A,25700.4,1724.55225,0.3186
Waipahu Fire Station,Fire/Police Stations,"94-121 Leonui Street
Waipahu, Hawaii 96797",(1) 9-4-048:050,High,0.61,26571.6,8464.39,15092.65,3014.56,0.886549549,2.35,0.9,78.59,Paved,0.02,6,2.75,3.5479125,1877.493,1,0.847894594,0.886549549,0.61,0.3294,0.9,0.4,0.61,0,Clay,Undetermined Area,1,Catch Basin to Piped Outlet,None,0,0,1,0,0,0,No ,Yes,Yes,120,0,No,N/A,26571.6,1877.493,0.3294
Aircraft One Fire Station,Fire/Police Stations,"120 Kapalulu Place, Suite 102
Honolulu, Hawaii 96819",1-1-072:013,High,1.14,49658.4,16885.36,32369.73,403.31,0.991878313,2.2,0.9,171.34,Paved,0.005,6.5,2.6,5.86872,3901.04175,1,0.942690481,0.991878313,1.14,0.6156,0.9,0.4,1.14,0,Fill Land,BFE determined,3,Catch Basin to Piped Outlet,None,0,1,2,0,0,0,Yes,No,Yes,0,0,No,N/A,49658.4,3901.04175,0.6156
Ewa Beach Fire Station,Fire/Police Stations,"91-995 Kaileolea Drive
Ewa Beach, Hawaii 96706",9-1-012:085,Low,1.02,44431.2,14125.15,15910.09,14395.96,0.675994346,2,0.9,95.75,Paved,0.01,6,2.75,5.049,2437.773,1,0.658394912,0.675994346,1.02,0.5508,0.9,0.4,1.02,0,Loam,Undetermined Area,1,Channelized Flow,No,0,0,0,1,0,0,No,Yes,Yes,60,0,No,N/A,44431.2,2437.773,0.5508
Mililani Fire Station,Fire/Police Stations,"95-269 Kipapa Drive
Mililani, Hawaii 96789",9-5-021-011,Low,0.42,18295.2,4971.11,8715.88,4608.21,0.748119179,2.75,0.9,71.71,Paved,0.01,6,2.75,2.858625,1102.75425,1,0.723307261,0.748119179,0.42,0.2268,0.9,0.4,0.42,0,Clay,1,2,Catch Basin to Piped Outlet,None,0,0,1,0,0,0,No ,Yes,Yes,60,0,No,N/A,18295.2,1102.75425,0.2268
Kalihi Fire Station,Fire/Police Stations,"1742 North King Street
Honolulu, Hawaii 96819",(1) 1-3-005:022,Low,0.77,33541.2,5201.4,13856.56,14483.24,0.568195533,2.3,0.9,233.59,Paved,0.02,6,2.75,4.383225,1569.102,1,0.561375979,0.568195533,0.77,0.4158,0.9,0.4,0.77,0,Clay,No,1,Channelized Flow,None,0,0,0,1,0,0,No,Yes,Yes,0,0,No,N/A,33541.2,1569.102,0.4158
Nanakuli Fire Station,Fire/Police Station,"89-334 Nanakuli Avenue
Waianae, Hawaii 96792",8-9-005-070,Medium,0.48,20908.8,5415.91,10662.93,4829.96,0.768998699,2.05,0.9,111.59,Paved,0.009,6,2.75,2.4354,1293.033,1,0.742098829,0.768998699,0.48,0.2592,0.9,0.4,0.48,0,Loam,Undetermined Area,1,Sheet Flow,None,0,1,0,0,0,0,No ,Yes,Yes,0,0,No,N/A,20908.8,1293.033,0.2592
Hauula Fire Station,Fire/Police Stations,"54-064 Kamehameha Highway
Hauula , Hawaii 96717",5-4-001-045,High,0.45,19602,5629.05,7889.29,6083.66,0.689640853,3.6,0.9,122.48,Paved,0.005,6,2.75,4.0095,1095.5505,1,0.670676768,0.689640853,0.45,0.243,0.9,0.4,0.45,0,Sand,Yes,1,Sheet Flow,None,0,1,0,0,0,0,Yes,Yes,No,60,0,No,N/A,19602,1095.5505,0.243
Hawaii-Kai Fire Station,Fire/Police Stations,"515 Lunalilo Home Road
Hawaii Kai, Hawaii 96825",3-9-051-029,High,0.41,17859.6,7013.61,6082.56,4763.43,0.73328462,2.4,0.9,78.55,Paved,0.005,6,2.75,2.4354,1056.62775,1,0.709956158,0.73328462,0.41,0.2214,0.9,0.4,0.41,0,Silt Loam,Undetermined Area,1,Channelized Flow/ Sheet Flow,None,0,0,0,1,0,0,No ,Yes,No,0,0,No,N/A,17859.6,1056.62775,0.2214
Kaneohe Fire Station,Fire/Police Stations,"45-910 Kamehameha Highway
Kaneohe, Hawaii 96744",4-5-020-030,High,0.45,19602,8908.75,6677.52,4015.73,0.795136721,2.6,0.9,63.82,Paved,0.02,6,2.75,2.89575,1250.64525,1,0.765623049,0.795136721,0.45,0.243,0.9,0.4,0.45,0,Clay,No,1,Sheet Flow,None,0,1,0,0,0,0,No,Yes,Yes,0,0,No,N/A,19602,1250.64525,0.243
Kakaako Fire Station and Main Complex,Fire/Police Stations,"555 Queen Street
Honolulu, Hawaii 96813",2-1-031:018,Medium,0.28,12196.8,4920.67,4510.06,2766.07,0.773213466,2.25,0.9,94.84,Paved,0.01,6,2.75,1.55925,758.12475,1,0.745892119,0.773213466,0.28,0.1512,0.9,0.4,0.28,0,Loam,No,2,Catch Basin to Piped Outlet,None,0,0,2,0,0,0,No,Yes,Yes,0,0,No,N/A,12196.8,758.12475,0.1512
Ala Moana Regional Park (including Maintenance Baseyard),Parks,"1201 Ala Moana Boulevard
Honolulu, Hawaii 96814",(1) 2-3-020:029,High,0.445798898,19419,3172,16247,0,1,2.1,0.9,193,Paved,0.027,6,2.75,2.317039773,1537.3375,1,0.95,1,0.445798898,0.240731405,0.9,0.4,0.445798898,0,Clay,BFE determined,1,Catch Basin to Piped Outlet,None,0,0,1,0,0,0,Yes,Yes,Yes,810,0,No,N/A,19419,1537.3375,0.240731405
Central Oahu Regional Park (including Maintenance Baseyard),Parks,"94-801 Kamehameha Highway
Waipahu, Hawaii 96797",9-4-005 : 074,Low,0.939485767,40924,4038,36886,0,1,2.4,0.9,297.72,Paved,0.02,6,2.75,5.580545455,3239.816667,1,0.95,1,0.939485767,0.507322314,0.9,0.4,0.939485767,0,Loam,Unstudied Area,4,Catch Basin to Piped Outlet,None,0,1,0,0,0,0,No,Yes,Yes,2700,0,No,N/A,40924,3239.816667,0.507322314
Kaiaka Bay Beach Park (including Maintenance Baseyard),Parks,"66-449 Haleiwa Road
Haleiwa, Hawaii 96712",6-6-007 : 007,High,0.744421488,32427,2138,7007,23282,0.282018071,2.5,0.9,257.88,Paved,0,8,2.5,4.187370868,820.9875,1,0.303816264,0.282018071,0.744421488,0.401987603,0.9,0.4,0.744421488,0,Sand,Coastal Flood Zone,1,Downspout,0,0,0,0,0,1,0,0,No,No,0,0,No,N/A,32427,820.9875,0.401987603
Kapiolani District (Regional) Park (including Maintenance Baseyard),Parks,"3447 Leahi Avenue
Honolulu, Hawaii 96815 ","(1) 3-1-043:001, (1) 3-1-043:007, (1) 3-1-043:013",High,1.233516988,53732,14069,18881,20782,0.613228616,2.1,0.9,82.14,Paved,0,6,2.75,6.411204545,2695.133333,1,0.601905754,0.613228616,1.233516988,0.666099174,0.9,0.4,1.233516988,0,Silty Clay Loam,Outside 0.2% annual chance floodplain,5,Catch Basin to Piped Outlet,0,0,0,5,0,0,0,0,Yes,Yes,0,0,No,N/A,53732,2695.133333,0.666099174
Keehi Lagoon Park Maintenance Baseyard,Parks,"465 Lagoon Drive
Honolulu, Hawaii 96819",1-1-003 : 239,High,0.984113866,42868,2609,0,40259,0.060861248,2.4,0.9,203.09,Paved,0.005,6,2.75,5.845636364,374.2916667,1,0.104775124,0.060861248,0.984113866,0.531421488,0.9,0.4,0.984113866,0,Fill Land,Outside 0.2% annual chance floodplain,0,0,0,0,0,0,0,0,0,0,No,Yes,60,0,No,N/A,42868,374.2916667,0.531421488
Koko Head Regional Park (Uka) (including Maintenance Baseyard),Parks,"7600 Koko Head Park Road
Honolulu, Hawaii 96825",3-9-012 : 001 and 010,High,0.949609734,41365,7784,18786,14795,0.642330473,2.3,0.9,187.05,Paved,0.13,6,2.75,5.405653409,2165.104167,1,0.628097425,0.642330473,0.949609734,0.512789256,0.9,0.4,0.949609734,0,Silt Loam,Unstudied Area,1,Channelized Flow,0,0,0,0,1,0,0,0,Yes,No,60,0,No,N/A,41365,2165.104167,0.512789256
Kualoa Regional Park (including Maintenance Baseyard),Parks,"49-479 Kamehameha Highway
Kaneohe, Hawaii 96744",4-9-004 : 001,Low,1.893250689,82470,13492,65011,3967,0.95189766,2.3,0.9,272.35,Paved,0.0037,8,2.5,9.797572314,6231.35,1,0.906707894,0.95189766,1.893250689,1.022355372,0.9,0.4,1.893250689,0,Clay Loam,Outside 0.2% annual chance floodplain,1,Sheet Flow,0,0,1,0,0,0,0,0,No,No,120,0,No,N/A,82470,6231.35,1.022355372
Neal S. Blaisdell Park (including Maintenance Baseyard),Parks,"98-319 Kamehameha Highway
Pearl City, Hawaii 96782",9-8-007 : 008,High,0.246051423,10718,4890,5828,0,1,2.4,0.9,135.77,Bare Soil,0.0215,8,2.5,1.328677686,848.5083333,1,0.95,1,0.246051423,0.132867769,0.9,0.4,0.246051423,0,Clay,Outside 0.2% annual chance floodplain,1,Sheet Flow,0,0,1,0,0,0,0,0,Yes,Yes,60,0,No,N/A,10718,848.5083333,0.132867769
Waianae District Park (including Maintenance Baseyard),Parks,"85-663 Farrington Highway
Waianae, Hawaii 96792",8-5-002 : 049,High,0.823966942,35892,4664,14583,16645,0.536247632,2.1,0.9,202.15,Paved,0.0046,8,2.5,3.893243802,1593.075,1,0.532622869,0.536247632,0.823966942,0.444942149,0.9,0.4,0.823966942,0,Clay Loam,Area of 0.2% annual chance flood,3,0,0,0,2,1,0,0,0,0,Yes,Yes,0,0,No,N/A,35892,1593.075,0.444942149
Waipio Peninsula Soccer Complex (including Maintenance Baseyard),Parks,"93-061 Waipio Point Access Road
Waipahu, Hawaii 96797",9-3-002 : 001 and 009,High,1.961707989,85452,11151,30838,43463,0.491375275,2.25,0.9,204.96,Paved,0.0146,6,2.75,10.92426136,3505.225,1,0.492237748,0.491375275,1.961707989,1.059322314,0.9,0.4,1.961707989,0,Clay,Unstudied Area,1,Sheet Flow,0,0,1,0,0,0,0,0,No,No,200,0,No,N/A,85452,3505.225,1.059322314
Kawailoa Closed Sanitary Landfill,Closed Sanitary Landfill,"62-180 Kawailoa Drive
Haleiwa, Hawaii 96712",(1) 6-1-005:018,Medium,33.5,1459260,0,0,1459260,0,2.6,0.3,427.27,Dense Grass,0.07,40,1.6,41.808,6080.25,1,0.05,0,33.5,6.03,0.3,0.4,33.5,0,Marsh / Coral Outcrop / Clay,Yes,3,Sheet Flow,None,0,3,0,0,0,0,Yes,No,No,0,0,No,No,1459260,6080.25,6.03
Kalaheo Closed Sanitary Landfill,Closed Sanitary Landfill,"Kapaa Quary Place
Kailua, Hawaii 96744",(1) 4-2-015:009,Low,156.7,6825852,0,73682,6752170,0.01079455,2.75,0.3,331.36,Average Grass Surface,0.09,15,2,258.555,33967.2,1,0.059715095,0.01079455,156.7,28.206,0.3,0.4,156.7,0,Clay,Undetermined area,2,Channelized Flow,Detention Basin,0,0,0,2,0,0,No,No,No,0,0,No,No,6825852,33967.2,28.206
Waipahu Closed Sanitary Landfill,Closed Sanitary Landfill,"Waipahu Depot Road
Waipahu, Hawaii 96797","(1) 9-3-002:002, 027, ad Portions of 001, 009, and 028",High,59.6,2596176,0,66766.9,2529409.1,0.025717401,2.25,0.3,860.34,Poor Grass Surface,0.01,26,1.5,60.345,15824.9175,1,0.073145661,0.025717401,59.6,10.728,0.3,0.4,59.6,0,Fill,No,4,Channelized,Grass Swale,0,0,0,4,0,0,Yes,No,No,0,0,No,No,2596176,15824.9175,10.728
Waianae Closed Sanitary Landfill,Closed Sanitary Landfill,"Hoopuhi Street
Waianae, Hawaii 96792",(1) 8-5-003:001,High,33.7,1467972,0,55774.13,1412197.87,0.037994001,2.25,0.3,270.74,Poor Grass Surface,0.003,20,1.75,39.808125,10299.60975,1,0.084194601,0.037994001,33.7,6.066,0.3,0.4,33.7,0,Coral Outcrop / Silty Clay,No,3,Sheet Flow / Channelized Flow,None,0,2,0,1,0,0,No,No,No,0,0,No,No,1467972,10299.60975,6.066
Kapaa Closed Sanitary Landfill,Closed Sanitary Landfill,"Kapaa Quary Road
Kailua, Hawaii 96744",(1) 4-2-015:003 & 4-2-015:004,low,153.6,6690816,0,0,6690816,0,2.75,0.3,672.04,Dense Grass,0.116,24,1.6,202.752,27878.4,1,0.05,0,153.6,27.648,0.3,0.4,153.6,0,Quarry,Undetermined area,3,Sheet Flow / Piped Outlet / Catch Basin to Piped Outlet,Detention Pond,1,1,1,0,0,0,No,No,No,0,0,No,No,6690816,27878.4,27.648
Pali Golf Course,Golf Course,"45-050 Kamehameha Highway
Kaneohe, Hawaii 96744",(1) 4-5-035:001 and (1) 4-5-035:009,Medium,4.18,182080.8,29511.75,111797.45,40771.6,0.776079631,3.25,0.9,461.59,Paved,0.0889,6,2.75,33.622875,11356.86,1,0.748471668,0.776079631,4.18,2.2572,0.9,0.4,4.18,0,Clay,Unstudied Areea,5,Catch Basin to Piped Outlet,0,0,1,4,0,0,0,0,Yes,No,1860,0,No,N/A,182080.8,11356.86,2.2572
Ted Makalena Golf Course,Golf Course,"93-059 Waipio Point Access Road
Waipahu, Hawaii 96797","9-3-002 : 030, 031, 033, and 034",High,0.73,31798.8,9150.13,19446.73,3201.94,0.899306263,2.3,0.9,170.05,Paved,0,7.5,2.5,3.77775,2277.2595,1,0.859375637,0.899306263,0.73,0.3942,0.9,0.4,0.73,0,Clay,Unstudied Area,3,Catch Basin to Piped Outlet,0,0,1,2,0,0,0,0,Yes,Yes,2260,0,No,N/A,31798.8,2277.2595,0.3942
Ala Wai Golf Course,Golf Course,"404 Kapahulu Avenue
Honolulu, Hawaii 96815","2-7-036 : 002, 009, and 078",High,4.95,215622,29321.97,161863.75,24436.28,0.886670748,2.2,0.9,196.79,Paved,0.0253,6,2.75,26.95275,15237.354,1,0.848003673,0.886670748,4.95,2.673,0.9,0.4,4.95,0,Fill Land,Yes,7,Catch Basin to Piped Outlet,0,0,1,6,0,0,0,0,Yes,Yes,0,0,No,N/A,215622,15237.354,2.673
Ewa Villages Golf Course,Golf Course,"91-1760 Park Row Street
Ewa Beach, Hawaii 96706",9-1-017: 060 and 9-1-019 : 018,Low,0.99,43124.4,13328.98,21375.87,8419.55,0.804761342,2.25,0.9,288.36,Paved,0.0035,9,2.4,4.8114,2782.54875,1,0.774285207,0.804761342,0.99,0.5346,0.9,0.4,0.99,0,Clay,No,5,Catch Basin to Piped Outlet,0,0,1,4,0,0,0,0,Yes,Yes,300,0,No,N/A,43124.4,2782.54875,0.5346
Kahuku Golf Course,Golf Course,"56-501 Kamehameha Highway
Kahuku, Hawaii 96731",(1) 5-6-002:048,High,1.55,67518,2504.48,33539.92,31473.6,0.533848751,2.75,0.9,250.14,Paved,0.036,6,2.75,10.5496875,2984.655,1,0.530463876,0.533848751,1.55,0.837,0.9,0.4,1.55,0,Sand,No,Catch Basin to Piped Outlet,0,0,0,1,3,0,0,0,0,0,0,0,0,No,N/A,67518,2984.655,0.837
West Loch Golf Course,Golf Course,"91-1126 Okupe Street
Ewa Beach, Hawaii 96706",(1) 9-1-017:006 and (1) 9-1-017:060,Low,1.26,54885.6,22073.42,25805.35,7006.83,0.872337553,2.3,0.9,280.53,Paved,0.0071,6.75,2.6,6.78132,3819.59775,1,0.835103798,0.872337553,1.26,0.6804,0.9,0.4,1.26,0,Clay,No,1,Sheet Flow,None,0,1,0,0,0,0,0,No,No,220,0,No,N/A,54885.6,3819.59775,0.6804
Kailua Corporation Yard,Corporation Yards,"42-377 Kalanianaole Highway
Kailua, Hawaii, 96734",(1) 4-2-098:047,Medium,4.88,212572.8,29793,95198,87581.8,0.587991502,2.8,0.85,453,Paved,1,8,2.5,29.036,10260.045,1,0.579192352,0.587991502,4.88,2.4888,0.85,0.4,4.88,0,Clay,Undetermined area,1,Catch Basin to Piped Outlet,GISB,0,0,1,0,0,0,No,Yes,No,270,0,Yes,Yes,212572.8,10260.045,2.4888
Kaneohe Corporation Yard,Corporation Yards,"46-231 Kamehameha Highway,
Kaneohe, Hawaii, 96744",(1) 4-6-004:020,High,5.167401286,225092,34559,122948,67585,0.699744993,2.8,0.9,1007,Paved,0.02,9.5,2.3,29.95025785,12750.90833,1,0.679770494,0.699744993,5.167401286,2.790396694,0.9,0.4,5.167401286,0,Clay,YES,1,Channelized Flow,Vegetated Swale,0,0,0,1,0,0,Yes,Yes,Yes,530,0,Yes,Yes,225092,12750.90833,2.790396694
Kapaa (AES) Corporation Yard,Corporation Yards,"100 Kapaa Quarry Road
Kailua, Hawaii, 96734",(1) 4-2-015:005,Medium,4.071349862,177348,42173,86493,48682,0.725500147,2.8,0.85,165,Paved,0.015,5,2.75,26.64698485,10388.9,1,0.702950132,0.725500147,4.071349862,2.07638843,0.85,0.4,4.071349862,0,Quarry,NO,1,Catch Basin to Piped Outlet,Detention Pond,0,0,1,0,0,0,Yes,Yes,No,0,0,Yes,Yes,177348,10388.9,2.07638843
Kapolei Corporation Yard,Corporation Yards,"91-140 Olai Street
Kapolei, Hawaii, 96707",(1) 9-1-026:004,High,5.876010101,255959,41634,159894,54431,0.787344848,2.25,0.85,234,Paved,0.005,7,2.6,29.21846023,16181.09583,1,0.758610363,0.787344848,5.876010101,2.996765152,0.85,0.4,5.876010101,0,Coral,Undetermined Area,1,Catch Basin to Piped Outlet,OWS,0,0,1,0,0,0,No,Yes,No,500,0,Yes,Yes,255959,16181.09583,2.996765152
Kokea (PBEM) Corporation Yard,Corporation Yards,"455 Kokea Street
Honolulu, Hawaii 96817",(1) 1-5-020:009,High,1.852226814,80683,31911,25908,22864,0.716619362,2.25,0.85,153,Paved,0.005,6,2.7,9.564436209,4672.604167,1,0.694957426,0.716619362,1.852226814,0.944635675,0.85,0.4,1.852226814,0,Fill Land,No,1,Catch Basin to Piped Outlet,None,0,0,1,0,0,0,No,Yes,Yes,0,0,Yes,Yes,80683,4672.604167,0.944635675
Laie Corporation & Refuse Collection Yard,Corporation Yards,"56-020 Kamehameha Highway
Laie, Hawaii 96762",(1) 5-6-006:001,High,6.56184573,285834,13034,84654,188146,0.341764801,2.8,0.85,264,Paved,0.05,4,2.9,45.28985923,8517.575,1,0.35758832,0.341764801,6.56184573,3.346541322,0.85,0.4,6.56184573,0,Jaucas Sand,No,2,Sheet Flow / Channelized Flow,Gravel Swale,0,1,0,1,0,0,No,No,No,330,0,Yes,No,285834,8517.575,3.346541322
Manana (DPR-MSS) Corporation Yard,Corporation Yards,"1001 Makolu Street
Pearl City, Hawaii 96782",(1) 9-7-024:041,Low,9.151285583,398630,109769,191714,97147,0.75629782,2.4,0.85,610,Paved,0.02,7.7,2.5,46.67155647,24272.18333,1,0.730668038,0.75629782,9.151285583,4.667155647,0.85,0.4,9.151285583,0,Loam,No,2,Catch Basin to Piped Outlet/Sheet Flow,None,0,1,1,0,0,0,No,Yes,Yes,630,0,Yes,Yes,398630,24272.18333,4.667155647
Pearl City (AES) Corporation Yard,Corporation Yards,"952 Third Street
Pearl City, Hawaii 96782",(1) 9-7-023:009,Medium,1.878627181,81833,29015,35509,17309,0.788483863,2.4,0.85,353,Paved,0.015,6.7,2.6,9.964238567,5180.270833,1,0.759635477,0.788483863,1.878627181,0.958099862,0.85,0.4,1.878627181,0,Loam,Yes,2,Catch Basin to Piped Outlet / Sheet Flow,None,0,1,1,0,0,0,No ,Yes,Yes,0,0,Yes,Yes,81833,5180.270833,0.958099862
Pearl City (DRM) Corporation Yard,Corporation Yards,"952 Third Street
Pearl City, Hawaii 96782",(1) 9-7-023:009,Medium,2.204109275,96011,20597,64673,10741,0.888127402,2.4,0.85,222,Paved,0.01,6,2.7,12.14023388,6795.295833,1,0.849314662,0.888127402,2.204109275,1.12409573,0.85,0.4,2.204109275,0,Loam,Yes,1,Catch Basin to Piped Outlet,None,0,0,1,0,0,0,No ,Yes,Yes,240,0,Yes,Yes,96011,6795.295833,1.12409573
Wahiawa Corporation & Refuse Collection Yard,Corporation Yards,"12 California Avenue
Wahiawa, Hawaii 96786",(1) 7-3-007:004,High,2.353719008,102528,31033,42368,29127,0.715911751,3.8,0.85,205,Paved,0.005,6.7,2.6,19.76653223,5932.275,1,0.694320576,0.715911751,2.353719008,1.200396694,0.85,0.4,2.353719008,0,Clay,Undetermined Area,3,Sheet Flow / Channelized Flow,Gravel Swale,0,1,0,2,0,0,No,Yes,Yes,0,0,Yes,No,102528,5932.275,1.200396694
Waialua Corporation & Refuse Collection Yard,Corporation Yards,"61-126 Emerson Road
Haleiwa, Hawaii 96712",(1) 6-2-012:015,High,4.763498623,207498,21089,138073,48336,0.767053176,2.6,0.85,488,Paved,0.005,9.5,2.3,24.2128635,12801.725,1,0.740347859,0.767053176,4.763498623,2.429384298,0.85,0.4,4.763498623,0,Loam,YES,2,Catch Basin to Piped Outlet / Sheet Flow,Retention basin,0,1,1,0,0,0,Yes,Yes,No,220,0,Yes,No,207498,12801.725,2.429384298
Halawa (AES) Corporation Yard,Corporation Yards,"99-999 Iwaena Street
Aiea, Hawaii 96701",(1) 9-9-073:027 & (1) 9-9-073:029,High,10.27,447361.2,103103.45,282471.43,61786.32,0.861887173,2.5,0.9,336.12,Paved,0.07,8.5,2.45,56.613375,30782.121,1,0.825698456,0.861887173,10.27,5.5458,0.9,0.4,10.27,0,Loam,No,3,Catch Basin to Piped Outlet,None,0,0,3,0,0,0,No,Yes,Yes,240,0,Yes,Yes,447361.2,30782.121,5.5458
Ahuimanu Dewatering Facility,Corporation Yards,"47-305 Kahekili Highway
Kaneohe, Hawaii 96744",(1) 4-7-004:006 and (1) 4-7-037:030,High,1.14,49658.4,8442.16,7679.83,33536.41,0.324657863,3.25,0.9,162,Bare Soil,0.01,10,2.3,7.66935,1416.05925,1,0.342192076,0.324657863,1.14,0.6156,0.9,0.4,1.14,0,Clay,Yes,2,Piped Outlet / Sheet Flow,None,1,1,0,0,0,0,None,Yes,Yes,0,0,Yes,0,49658.4,1416.05925,0.6156
Sand Island Dewatering Facility,Corporation Yards,"1350 Sand Island Parkway
Honolulu, Hawaii 96819",(1) 1-5-041:005,Medium,3.24,141134.4,20177.66,36734.53,84222.21,0.40324818,2.1,0.9,266,Bare Soil,0.008,12.5,2.2,13.47192,4856.47425,1,0.412923362,0.40324818,3.24,1.7496,0.9,0.4,3.24,0,Fill Land,No,1,Sheet Flow,None,0,1,0,0,0,0,Yes,Yes,Yes,6700,0,Yes,No,141134.4,4856.47425,1.7496
Halawa (DRM) Corporation Yard,Corporation Yards,"99-1077 Iwaena Street
Aiea, Hawaii 96701",(1) 9-9-073:029,High,8.467676768,368852,28224.32,270742.04,69885.64,0.810532029,2.6,0.9,314,Paved,0.054140127,7,2.7,53.49878182,23959.36033,1,0.779478826,0.810532029,8.467676768,4.572545455,0.9,0.4,8.467676768,0,Loam,No,2,Catch Basin to Piped Outlet/Channelized Flow,OWS,0,0,1,1,0,0,No,Yes,Yes,19900,0,Yes,Yes,368852,23959.36033,4.572545455
Halawa (CSM) Baseyard (Corporation Yard),Corporation Yards,"99-989 Iwaena Street
Aiea, Hawaii 96701",(1) 9-9-073:027,High,4.08,177724.8,21472.33,95863.76,60388.71,0.66021225,2.6,0.9,342,Paved,0.005,8,2.5,23.868,9540.72675,1,0.644191025,0.66021225,4.08,2.2032,0.9,0.4,4.08,0,Loam,No,3,Catch Basin to Piped Outlet,None,0,0,3,0,0,0,No,Yes,Yes,230,0,Yes,Yes,177724.8,9540.72675,2.2032
Honouliuli Wastewater Treatment Plant,Wastewater Treatment Plants,"91-1000 Geiger Road,
Ewa Beach, Hawaii 96706",1 (9)-1-013:007,High,57,2482920,505974,580152,1396794,0.437438983,2,0.9,2550,Bare Soil,0.5,25,1.6,164.16,91804.95,1,0.443695085,0.437438983,57,30.78,0.9,0.4,57,0,Silty Clay Loam,Undetermined area,1,Sheet Flow,Gravel Swale,0,1,0,0,0,0,No,Yes,Yes,580152,145038,Yes,Yes,2482920,91804.95,30.78
Kailua Wastewater Treatment Plant,Wastewater Treatment Plants,"95 Kaneohe Bay Drive,
Kailua, Hawaii 96734",1 (4)-4-011:081,Low,28.69527089,1249966,278387,597223,374356,0.700507054,2.5,0.9,954,Paved,2,9.5,2.3,148.4980269,70878.94167,1,0.680456348,0.700507054,28.69527089,15.49544628,0.9,0.4,28.69527089,0,Clay,No,8,Various,Vegetated Swale,0,3,3,2,0,0,No,Yes,Yes,597223,149305.75,Yes,Yes,1249966,70878.94167,15.49544628
Sand Island Wastewater Treatment Plant,Wastewater Treatment Plants,"1350 Sand Island Parkway Road,
Honolulu, Hawaii 96819",1 (1)-5-041:005,High,31.19788797,1358980,546991,665753,146236,0.892392824,2.2,0.9,708,Paved,2,8.5,2.3,142.0751818,96618.21667,1,0.853153542,0.892392824,31.19788797,16.8468595,0.9,0.4,31.19788797,0,Fill,Partial,3,Catch Basin to Piped Outlet,None,0,0,3,0,0,0,No ,Yes,Yes,665753,166438.25,Yes,Yes,1358980,96618.21667,16.8468595
Wahiawa Wastewater Treatment Plant,Wastewater Treatment Plants,"111 California Avenue
Wahiawa, Hawaii 96786",1 (7)-3-007:002,High,7.220247934,314514,66063,176107,72344,0.769981622,2.9,0.9,465,Paved,0.5,9.5,2.3,43.34314835,19473.225,1,0.74298346,0.769981622,7.220247934,3.898933884,0.9,0.4,7.220247934,0,Clay,Undetermined,1,catch basin to piped outlet,None,0,0,1,0,0,0,No ,No,Yes,176107,44026.75,Yes,Yes,314514,19473.225,3.898933884
Waianae Wastewater Treatment Plant,Wastewater Treatment Plants,"86-100 Farrington Highway
Waianae, Hawaii 96792",1 (8)-6-001:044,High,14.53666208,633217,186645,204046,242526,0.616993858,2,0.9,697,Paved,0.02,11,2.4,62.79838017,31940.22917,1,0.605294473,0.616993858,14.53666208,7.849797521,0.9,0.4,14.53666208,0,Clay,Partial,1,catch basin to piped outlet,Detention Basin,0,0,1,0,0,0,No,Yes,Yes,204046,51011.5,Yes,Yes,633217,31940.22917,7.849797521
