facility_chars.Fac_Name,facility_chars.Fac_Add,facility_chars.Fac_TMK,facility_chars.Fac_Dept,facility_types.Fac_Type,facility_chars.Permit_Table,facility_chars.PBP_Category,facility_chars.NEL_Column
Honouliuli Wastewater Treatment Plant,"91-1000 Geiger Road, Ewa Beach, Hawaii 96706",9-1-013 : 007,ENV,WWTP,Table 1,#2.wwtp,I & II
Sand Island Wastewater Treatment Plant,"1350 Sand Island Parkway Road, Honolulu, Hawaii 96819",1-5-041 : 005,ENV,WWTP,Table 1,#2.wwtp,VII
Kalihi-Palama Bus & Paratransit Facility,"611 and 811 Middle Street, Honolulu, Hawaii 96819","1-2-015 : 006 / 1-2-016 : 006, 007 / 1-2-018 : 003, 009, 011",DTS,BMF,Table 1,#2,I & II
Keehi Refuse Transfer Station,"606 Middle Street, Honolulu, Hawaii 96819",1-1-006 : 013,ENV,RTS,Table 1,#2,I & II
Kailua Wastewater Treatment Plant,"95 Kaneohe Bay Drive, Kailua, Hawaii 96734",4-4-001 : 081,ENV,WWTP,Table 1,#2.wwtp,III
Waianae Wastewater Treatment Plant,"86-100 Farrington Highway, Waianae, Hawaii 96792",8-6-001 : 044,ENV,WWTP,Table 1,#1.wwtp,VIII
Halawa (DRM) Corporation Yard,"99-1077 Iwaena Street, Aiea, Hawaii 96701",9-9-073 : 029,DFM,CY,Table 1,#2,I & II
Kapolei Corporation Yard,"91-140 Olai Street, Kapolei, Hawaii 96707",9-1-026 : 004,DFM,CY,Table 1,#2,IX
Pearl City Bus Facility,"1200 Waimano Home Road, Pearl City, Hawaii 96782",9-7-024 : 047,DTS,BMF,Table 1,#2,I & II
Kaneohe Corporation Yard,"46-231 Kamehameha Highway, Kaneohe, Hawaii 96744",4-6-004 : 020,DFM,CY,Table 1,#1,VII
Waipahu Vehicle Maintenance Shop,"93-145 Waipahu Depot Street, Waipahu, Hawaii 96797",9-3-002 : 009,HFD,OTH,Table 1,#2,I & II
Waipahu Training Academy,"93-093 Waipahu Depot Street, Waipahu, Hawaii 96797",9-3-002 : 009,HPD,OTH,Table 1,#1,IV
Waialua Corporation & Refuse Collection Yard,"61-126 Emerson Road, Haleiwa, Hawaii 96712",6-2-012 : 015,DFM,CY,Table 1,#1,V
Kalaheo Closed Sanitary Landfill,"Kapaa Quarry Place, Kailua, Hawaii 96744",4-2-015 : 009,ENV,CSL,Table 1,#1.csl,III
Halawa (AES) Corporation Yard,"99-999 Iwaena Street, Aiea, Hawaii 96701","9-9-073 : 027, 029",DFM,CY,Table 1,#2,I & II
Manana (PBEM) Corporation Yard,"1001 Makolu Street, Pearl City, Hawaii 96782",9-7-024 : 041,DFM,CY,Table 1,#1,I & II
Manana (DPR-MSS) Corporation Yard,"1001 Makolu Street, Pearl City, Hawaii 96782",9-7-024 : 041,DPR,CY,Table 1,#1,I & II
Pearl City Refuse Collection Yard,"952 Third Street, Pearl City, Hawaii 96782",9-7-023 : 009,ENV,RTS,Table 1,#1,I & II
Laie Refuse Convenience Center,"56-020 Kamehameha Highway, Laie, Hawaii 96762",5-6-006 : 001,ENV,RTS,Table 1,#1,I & II
Wahiawa Corporation & Refuse Collection Yard,"127 California Avenue, Wahiawa, Hawaii 96786",7-3-007 : 004,DFM,CY,Table 1,#1,III
Halawa (CSM) Baseyard (Corporation Yard),"99-989 Iwaena Street, Aiea, Hawaii 96701",9-9-073 : 027,ENV,CY,Table 1,#2,I & II
Kailua Corporation Yard,"42-377 Kalanianaole Highway, Kailua, Hawaii 96734",4-2-098 : 047,DFM,CY,Table 1,#1,I & II
Waianae Closed Sanitary Landfill,"Hoopuhi Street, Waianae, Hawaii 96792",8-5-003 : 001,ENV,CSL,Table 1,#1.csl,I & II
Kapaa Closed Sanitary Landfill,"Kapaa Quarry Road, Kailua, Hawaii 96744","4-2-015 : 003, 004",ENV,CSL,Table 1,#1.csl,III
Wahiawa Wastewater Treatment Plant,"111 California Avenue, Wahiawa, Hawaii 96786",7-3-007 : 002,ENV,WWTP,Table 1,#1.wwtp,III
Wahiawa Refuse Convenience Center,"71-129 Wilikina Drive, Wahiawa, Hawaii, 96786",7-1-001 : 009,ENV,RTS,Table 1,#1,I & II
Laie Corporation & Refuse Collection Yard,"56-020 Kamehameha Highway, Laie, Hawaii 96762",5-6-006 : 001,DFM,CY,Table 1,#1,I & II
Honolulu Refuse Collection Yard,"626 Middle Street, Honolulu, Hawaii 96819",1-1-008 : 002,ENV,RTS,Table 1,#1,I & II
Waimanalo Refuse Convenience Center,"41-241 Hihimanu Street, Waimanalo, Hawaii 96795",4-1-009 : 283,ENV,RTS,Table 1,#1,I & II
Waipahu Closed Sanitary Landfill,"Waipahu Depot Road, Waipahu, Hawaii 96797","9-3-002 : 002, 027, Portions of 009, 001, 028",ENV,CSL,Table 1,#1.csl,IV
Kokea (PBEM) Corporation Yard,"455 Kokea Street, Honolulu, Hawaii 96817",1-5-020 : 009,DFM,CY,Table 1,#1,VII
Waipahu Fire Station,"94-121 Leonui Street, Waipahu, Hawaii 96797",9-4-048 : 050,HFD,FPS,Table 1a,#2.f,IV
Mililani-Mauka Fire Station,"95-1990 Meheula Parkway, Mililani, Hawaii 96789",9-5-049 : 005,HFD,FPS,Table 1a,#2.f,I & II
Pali Golf Course,"45-050 Kamehameha Highway, Kaneohe, Hawaii 96744",4-5-035 : 001 and 009,DES,GC,Table 1a,#2.f,I & II
Kapaa Refuse Transfer Station,"100 Kapaa Quarry Road, Kailua, Hawaii 96734",4-2-015 : 005,ENV,RTS,Table 1,#1,III
Kapaa (AES) Corporation Yard,"100 Kapaa Quarry Road, Kailua, Hawaii 96734",4-2-015 : 005,DFM,CY,Table 1,#1,III
Wahiawa Police Station,"330 North Cane Street, Wahiawa, Hawaii 96786",7-4-007 : 006,HPD,FPS,Table 1a,#1.f,I & II
Pearl City (DRM) Corporation Yard,"952 Third Street, Pearl City, Hawaii 96782",9-7-023 : 009,DFM,CY,Table 1,#1,I & II
Waipahu Refuse Convenience Center,"93-071 Waipahu Depot Street, Waipahu, Hawaii 96707",9-3-002 : 009,ENV,RTS,Table 1,#1,I & II
Umi Street (AES) Fueling Facility,"811 Umi Street, Honolulu, Hawaii 96819",1-2-014 : 031,DFM,OTH,Table 1A,#2.f,I & II
Kapolei Fire Station,"2020 Lauwilwili Avenue, Kapolei, Hawaii 96707",9-1-075 : 037,HFD,FPS,Table 1a,#2.f,IX
Manana (DTS) Corporation Yard,"1001 Makolu Street, Pearl City, Hawaii 96782",9-7-024 : 041,DTS,CY,Table 1,#1,I & II
Kapaa Refuse Collection Yard,"100 Kapaa Quarry Road, Kailua, Hawaii 96734",4-2-015 : 005,ENV,RTS,Table 1,#1,III
Kaneohe Police Station,"45-270 Waikalua Road, Kaneohe, Hawaii 96744",4-5-018 : 002,HPD,FPS,Table 1a,#1.f,I & II
Pearl City (AES) Corporation Yard,"952 Third Street, Pearl City, Hawaii 96782",9-7-023 : 009,DFM,CY,Table 1,#1,I & II
Kapolei Police Station,"1100 Kamokila Boulevard, Kapolei, Hawaii 96707",9-1-088 : 003,HPD,FPS,Table 1a,#2.f,IX
Ahuimanu Dewatering Facility,"47-305 Kahekili Highway, Kaneohe, Hawaii 96744",4-7-004 : 006 and 4-7-037 : 030,DFM,CY,Table 1,#1,III
Sand Island Dewatering Facility,"1350 Sand Island Parkway, Honolulu, Hawaii 96819",1-5-041 : 005,DFM,CY,Table 1,#1,VII
Waianae Police Station,"85-939 Farrington Highway, Waianae, Hawaii 96792","8-5-008 : 051, 043, 044, 041, 040",HPD,FPS,Table 1a,#2.f,VI
Kaneohe Fire Station,"45-910 Kamehameha Highway, Kaneohe, Hawaii 96744",4-5-020 : 030,HFD,FPS,Table 1a,#1.f,I & II
Kawailoa Refuse Transfer Station,"62-180 Kawailoa Road, Haleiwa, Hawaii 96712",6-1-005 : 018,ENV,RTS,Table 1,#1,I & II
Kawailoa Closed Sanitary Landfill,"62-180 Kawailoa Drive, Haleiwa, Hawaii 96712",6-1-005 : 018,ENV,CSL,Table 1,#1.csl,I & II
Manoa Fire Station,"2850 East Manoa Road, Honolulu, Hawaii 96822",2-9-021 : 045,HFD,FPS,Table 1a,#1.f,I & II
Palolo Fire Station,"3345 Kiwila Street, Honolulu, Hawaii 96816",3-4-007 : 003,HFD,FPS,Table 1a,#1.f,I & II
Olomana Fire Station,"42-510 Kalanianaole Highway, Kailua, Hawaii 96734",4-2-006 : 006,HFD,FPS,Table 1a,#1.f,I & II
Wahiawa Fire Station,"640 California Avenue, Wahiawa, Hawaii 96786",7-4-004 : 061,HFD,FPS,Table 1a,#1.f,I & II
Ala Wai Golf Course,"404 Kapahulu Avenue, Honolulu, Hawaii 96815","2-7-036 : 002, 009, and 078",DES,GC,Table 1a,#1.f,V
Kahuku Police Station,"56-740 Kamehameha Highway, Kahuku, Hawaii 96731",5-6-006 : 020,HPD,FPS,Table 1a,#1.f,I & II
Makiki Fire Station,"1202 Wilder Avenue, Honolulu, Hawaii 96822",2-4-029 : 029,HFD,FPS,Table 1a,#1.f,III
Pawaa Fire Station,"1610 Makaloa Street, Honolulu, Hawaii 96814",2-3-020 : 029,HFD,FPS,Table 1a,#1.f,V
Alapai Police Station,"801 South Beretainia Street, Honolulu, Hawaii 96813","2-1-042 : 014, 011",HPD,FPS,Table 1a,#1.f,IX
McCully (-Moiliili) Fire Station,"2425 Date Street, Honolulu, Hawaii 96826",2-7-014 : 006,HFD,FPS,Table 1a,#1.f,V
Waianae Refuse Convenience Center,"85-572 Waianae Valley Road, Waianae, Hawaii 96792",8-5-003 : 001,ENV,RTS,Table 1,#1,I & II
Kahaluu Fire Station,"47-304 Waihee Road, Kaneohe, Hawaii 96744",4-7-063 : 001,HFD,FPS,Table 1a,#1.f,VII
Waikiki Fire Station,"381 Kapahulu Avenue, Honolulu, Hawaii 96815",3-1-043 : 002,HFD,FPS,Table 1a,#1.f,V
Ewa Refuse Convenience Center,"91-1000 Geiger Road, Ewa Beach, Hawaii 96706",9-1-013 : 007,ENV,RTS,Table 1,#1,I & II
Waianae Refuse Collection Yard,"86-160 Farrington Highway, Waianae, Hawaii 96792",8-6-001 : 044,ENV,RTS,Table 1,#1,VIII
East Kapolei Fire Station,"636 South Street, Honolulu, Hawaii 96813",9-1-151 : 003,HFD,FPS,Table 1a,#2.f,III
Nuuanu Fire Station,"115 Wyllie Street, Honolulu, Hawaii 96817",1-8-005 : 027,HFD,FPS,Table 1a,#1.f,I & II
Kalihi-Uka Fire Station,"1861 Kamehameha IV Road, Honolulu, Hawaii 96819",1-3-024 : 006,HFD,FPS,Table 1a,#1.f,I & II
Kaaawa Fire Station,"51-518 Kamehameha Highway, Kaaawa, Hawaii 96730",5-1-011 : 051,HFD,FPS,Table 1a,#1.f,III
Waiau Fire Station,"98-1109 Komo Mai Drive, Pearl City, Hawaii 96782",9-8-052 : 015,HFD,FPS,Table 1a,#1.f,IV
Kailua Police Station,"219 Kuulei Road, Kailua, Hawaii 96734",4-3-056 : 008,HPD,FPS,Table 1a,#1.f,I & II
Pearl City Fire Station,"886 First Street, Pearl City, Hawaii 96782",9-7-020 : 004,HFD,FPS,Table 1a,#1.f,IV
Kalihi Fire Station,"1742 North King Street, Honolulu, Hawaii 96819",1-3-005 : 022,HFD,FPS,Table 1a,#1.f,I & II
Aiea Fire Station,"98-1239 Ulune Street, Aiea, Hawaii 96701",9-8-029 : 001,HFD,FPS,Table 1a,#1.f,I & II
Moanalua Fire Station,"2835 Ala Ilima Street, Honolulu, Hawaii 96818",1-1-063 : 012,HFD,FPS,Table 1a,#1.f,I & II
Ted Makalena Golf Course,"93-059 Waipio Point Access Road, Waipahu, Hawaii 96797","9-3-002 : 030, 031, 033, and 034",DES,GC,Table 1a,#1.f,IV
Kuakini Fire Station,"601 North Kuakini Street, Honolulu, Hawaii 96817",1-7-035 : 039,HFD,FPS,Table 1a,#1.f,I & II
Wailupe Fire Station,"5046 Kalanianaole Highway, Honolulu, Hawaii 96821",3-6-009 : 001,HFD,FPS,Table 1a,#1.f,VIII
Central Fire Station,"104 South Beretania Street, Honolulu, Hawaii 96813",2-1-009 : 026,HFD,FPS,Table 1a,#1.f,I & II
Aikahi Fire Station,"45 Kaneohe Bay Drive, Kailua, Hawaii 96734",4-4-002 : 038,HFD,FPS,Table 1a,#1.f,III
Kalihi Police Station,"1685 Kamehameha IV, Honolulu, Hawaii 96792",1-3-024 : 006,HPD,FPS,Table 1a,#1.f,I & II
Pearl City Police Station,"1100 Waimano Home Road, Pearl City, Hawaii 96782",9-7-024 : 047,HPD,FPS,Table 1a,#1.f,I & II
Kaimuki Fire Station,"971 Koko Head Avenue, Honolulu, Hawaii 96816",3-2-036 : 007,HFD,FPS,Table 1a,#1.f,VIII
Sunset Beach Fire Station,"59-719 Kamehameha Highway, Haleiwa, Hawaii 96712",5-9-004 : 029,HFD,FPS,Table 1a,#1.f,IX
Waianae Fire Station,"85-645 Farrington Highway, Waianae, Hawaii 96792",8-5-002 : 048,HFD,FPS,Table 1a,#1.f,I & II
Kalihi-Kai Fire Station,"1334 Nimitz Highway, Honolulu, Hawaii 96817",1-5-033 : 014,HFD,FPS,Table 1a,#1.f,VII
Hauula Fire Station,"54-064 Kamehameha Highway, Hauula, Hawaii 96717",5-4-001 : 045,HFD,FPS,Table 1a,#1.f,VIII
Mokulele Fire Station and Training Center,"890 Valkenburgh Street, Honolulu, Hawaii 96818",1-1-002 : 012,HFD,FPS,Table 1a,#1.f,IX
Kahuku Fire Station,"54-460 Kamehemeha Highway, Kahuku, Hawaii 96731",5-6-006 : 020,HFD,FPS,Table 1a,#1.f,III
Waikele Fire Station,"94-840 Lumiaina Street, Waipahu, Hawaii 96797",9-4-007 : 075,HFD,FPS,Table 1a,#1.f,I & II
Waimanalo Fire Station,"41-1301 Kalanianaole Highway, Waimanalo, Hawaii 96795",4-1-009 : 280,HFD,FPS,Table 1a,#1.f,IX
Waialua Fire Station,"66-420 Haleiwa Road, Haleiwa, Hawaii 96712",6-6-013 : 003,HFD,FPS,Table 1a,#1.f,VII
Makakilo Fire Station,"92-885 Makakilo Drive, Kapolei, Hawaii 96707",9-2-019 : 019,HFD,FPS,Table 1a,#1.f,III
Kailua Fire Station,"211 Kailua Fire Station, Kailua, Hawaii 96734",4-3-056 : 009,HFD,FPS,Table 1a,#1.f,I & II
Mililani Fire Station,"95-269 Kipapa Drive, Mililani, Hawaii 96789",9-5-021 : 011,HFD,FPS,Table 1a,#1.f,III
Hawaii-Kai Fire Station,"515 Lunalilo Home Road, Hawaii-Kai, Hawaii 96825",3-9-051 : 029,HFD,FPS,Table 1a,#1.f,III
West Loch Golf Course,"91-1126 Okupe Street, Ewa Beach, Hawaii 96706",9-1-017 : 006 and 060,DES,GC,Table 1a,#1.f,I & II
Aircraft One Fire Station,"120 Kapalulu Place, Suite 102, Honolulu, Hawaii 96819",1-1-072 : 013,HFD,FPS,Table 1a,#1.f,--
Kakaako Fire Station and Main Complex,"555 Queen Street, Honolulu, Hawaii 96813",2-1-031 : 018,HFD,FPS,Table 1a,#1.f,VII
Nanakuli Fire Station,"89-334 Nanakuli Avenue, Waianae, Hawaii 96792",8-9-005 : 070,HFD,FPS,Table 1a,#1.f,VIII
Ewa Villages Golf Course,"91-1760 Park Row Street, Ewa Beach, Hawaii 96706",9-1-017: 060 and 9-1-019 : 018,DES,GC,Table 1a,#1.f,I & II
Ewa Beach Fire Station,"91-995 Kaileolea Drive, Ewa Beach, Hawaii 96706",9-1-012 : 085,HFD,FPS,Table 1a,#1.f,IX
Central Oahu Regional Park (including Maintenance Baseyard),"94-801 Kamehameha Highway, Waipahu, Hawaii 96797",9-4-005 : 074,DPR,CY,Table 1a,#1.f,I & II
Puu Manawahua Radio Site,96-820 Palehua Road,9-2-005:014 and 8-9-008:001,DIT,OTH,Unpermited,#8,--
Waimanalo Ridge Radio Site,1339 Kamehame Drive,3-9-009:001,DIT,OTH,Unpermited,#8,--
Kaneohe Wastewater Preliminary Treatment Facility,"45-230 Kulauli Street, Kaneohe, Hawaii 96744",4-5-030 : 036,ENV,OTH,Unpermited,#8,0
Waipahu Wastewater Pump Station,"93-065 Waipahu Depot Street, Waipahu, Hawaii 96797",9-6-004 : 005,ENV,PS,Unpermited,#8,0
Laie Water Reclamation Facility,"55-510 Kamehameha Highway, Laie, Hawaii 96762",5-5-006 : 033,ENV,OTH,Unpermited,#8,0
Manoa Valley District Park,"2721 Kaaipu Avenue, Honolulu, Hawaii 96822",2-9-036 : 003,DPR,PRK,Table 2,#3,0
Laie Wastewater Pump Station,"GPS: 21˚38'35""N, 157˚55'46""W",n/a,ENV,PS,Unpermited,#8,0
Grandview Pump Station,"82 Nonohe Place, Wahiawa, Hawaii 96786",7-5-025 : 098,ENV,PS,Unpermited,#6,0
Waimanalo Wastewater Treatment Plant,"41-1050 Kalanianaole Highway, Waimanalo, Hawaii 96795",4-1-009 : 270,ENV,WWTP,Unpermited,#8.wwtp,0
Kaneohe Community/Senior Center,"45-613 Puohala Street, Kaneohe, Hawaii 96744",4-5-029 : 026,DPR,OTH,Table 2,#3,0
Nakula Pump Station,"1562 California Avenue, Wahiawa, Hawaii 96786",7-5-003 : 073,ENV,PS,Unpermited,#6,0
Kaneohe Effluent Pump Station,4-5-030 : 036,"45-230 Kulauli Street, Kaneohe, Hawaii 96744",ENV,PS,Unpermited,#6,0
Wahiawa Botanical Garden,"1396 California Avenue, Wahiawa, Hawaii 96786",7-4-017 : 001,DPR,PRK,Table 2,#3,0
Whitmore Pre-Treatment Facility,"900 Whitmore Avenue, Wahiawa, Hawaii 96786",7-1-002 : 009,ENV,OTH,Unpermited,#6,0
Uwalu Pump Station,"121 Uwalu Circle, Wahiawa, Hawaii 96786",7-2-001 : 021,ENV,PS,Unpermited,#6,0
Wahiawa District Park,"1139-A Kilani Avenue, Wahiawa, Hawaii 96786","7-4-008 : 002, 005, and 009",DPR,PRK,Table 2,#3,0
Kaneohe Bay #2 Pump Station,"44-0289 Kaimalu Place, Kaneohe, Hawaii 96744",4-4-014 : 049,ENV,PS,Unpermited,#6,0
Ohai Place Pump Station,"322 Ohai Place, Wahiawa, Hawaii 96786",7-3-001 : 051,ENV,PS,Unpermited,#6,0
Coconut Grove Pump Station,"640 Hooulu Street, Kailua, Hawaii 96734",4-3-065 : 036,ENV,PS,Unpermited,#6,0
Lakeview Circle Pump Station,"152A Lakeview Circle, Wahiawa, Hawaii 96786",7-3-007 : 001,ENV,PS,Unpermited,#6,0
Homelani Pump Station,"43 California Avenue, Wahiawa, Hawaii 96786",7-3-018 : 001,ENV,PS,Unpermited,#6,0
Kemoo Farm Pump Station,"1750 Wilikina Drive, Wahiawa, HI 96786",7-3-012 : 014,ENV,PS,Unpermited,#6,0
Makiki District Park,"1527 Keeaumoku Street, Honolulu, Hawaii 96822","2-4-022 : 001, 026, 034 & 045",DPR,PRK,Table 2,#3,0
Kaimuki Community Park,"3521 Waialae Avenue, Honolulu, Hawaii 96816",3-2-005 : 009,DPR,PRK,Table 2,#3,0
Ala Wai Community Park,"2015 Kapiolani Boulevard, Honolulu, Hawaii 96826",2-7-004 : 005 and 2-7-036 : 001 and 005,DPR,PRK,Unpermited,#6,0
Beachwalk Pump Station,"377 Kaiolu Street, Honolulu, Hawaii 96815",2-6-018 : 011,ENV,PS,Unpermited,#6,0
Fort DeRussy Pump Station,"2007 Kalakaua Avenue, Honolulu, Hawaii 96814",2-6-005 : 001,ENV,PS,Unpermited,#6,0
Moana Park Pump Station,"1501 Ala Moana Boulevard, Honolulu, Hawaii 96814",2-3-037 : 010,ENV,PS,Unpermited,#6,0
Auahi Coning Yard,"817 Auahi Street, Honolulu, Hawaii 96813",2-1-056 : 011,DFM,OTH,Unpermited,#6,0
Nuuanu Nursery,"3064 Pali Highway, Honolulu, Hawaii 96817",1-9-001 : 001,DPR,OTH,Unpermited,#6,0
Evidence Warehouse,Uncertainty,Uncertainty,HPD,OTH,Unpermited,#6,0
Kaneohe District Park,"45-660 Keaahala Road, Kaneohe, Hawaii 96744",4-5-023 : 009 and 010,DPR,PRK,Table 2,#3,0
Kahaluu Housing Pump Station,"47-244 Okana Road, Kaneohe, Hawaii 96744",4-7-037 : 024,ENV,PS,Unpermited,#6,0
Punawai Pump Station,"46-164 Halaulani Street, Kaneohe, Hawaii 96744",4-6-020 : 109,ENV,PS,Unpermited,#6,0
Waikapoki Pump Station,"45-919 Wailele Road, Kaneohe, Hawaii 96744",4-5-003 : 010,ENV,PS,Unpermited,#6,0
Booth District Park,"2331 Kanealii Avenue, Honolulu, Hawaii 96813",2-2-017 : 002,DPR,PRK,Table 2,#3,0
Kahanahou Pump Station,"45-013 Kahanahou Place, Kaneohe, Hawaii 96744",4-5-047 : 095,ENV,PS,Unpermited,#6,0
Kalihi Valley District Park,"1911 Kamehameha IV Road, Honolulu, Hawaii 96819",1-3-024 : 002 and 003,DPR,PRK,Table 2,#3,0
Halawa District Park,"99-795 Iwaiwa Street, Aiea, Hawaii 96701",9-9-072 : 044,DPR,PRK,Table 2,#3,0
Kaneohe Bay #3 Pump Station,"44-003 Nohokai Place, Kaneohe, Hawaii 96744",4-4-037 : 014,ENV,PS,Unpermited,#6,0
Kaneohe Bay #4 Pump Station,"44-417 Kaneohe Bay Drive, Kaneohe, Hawaii 96744",4-4-006 : 016,ENV,PS,Table 2,#3,0
Kaneohe Bay #5 Pump Station,"329 Kaneohe Bay Drive, Kaneohe, Hawaii 96744",4-4-007 : 025 and 033,ENV,PS,Unpermited,#6,0
Kahawai Stream Pump Station,"41-1605 Kalanianaole Highway, Waimanalo, Hawaii 96795",4-1-015 : 016,ENV,PS,Unpermited,#6,0
Ala Puumalu Community Park,"1575 Ala Puumalu Street, Honolulu, Hawaii 96818",1-1-063 : 014 and 018,DPR,PRK,Table 2,#3,0
Lanakila District Park,"1701 Lanakila Avenue, Honolulu, Hawaii 96817",1-7-042 : 002,DPR,PRK,Table 2,#3,0
Moanalua District Park,"2900 Moanalua Road, Honolulu, Hawaii 96819",1-1-009 : 005 and 006,DPR,PRK,Table 2,#3,0
Aiea District Park,"99-350 Aiea Heights Road, Aiea, Hawaii 96701",9-8-029 : 001 and 9-9-005 : 015,DPR,PRK,Table 2,#3,0
Pacific Palisades Pump Station,"1810 Komo Mai Drive, Pearl City, Hawaii 96782",9-7-091 : 071,ENV,PS,Unpermited,#6,0
Kailua Heights Pump Station,"464 Wanaao Road, Kailua, Hawaii 96734",4-2-075 : 017,ENV,PS,Unpermited,#6,0
Waipio Pump Station,"95-009 Kamehameha Highway, Mililani, Hawaii 96789",9-5-001 : 033,ENV,PS,Unpermited,#6,0
Mililani District Park,"94-1150 Lanikuhana Avenue, Mililani, Hawaii 96789",9-4-005 : 041,DPR,PRK,Table 2,#3,0
Kalakaua District Park,"720 McNeill Street, Honolulu, Hawaii 96817",1-5-025 : 002,DPR,PRK,Table 2,#3,0
Foster Botanical Garden,"50 North Vineyard Boulevard, Honolulu, Hawaii 96717",1-7-007 : 001,DPR,PRK,Table 2,#3,0
Waimalu Pump Station,"245 Kamehameha Highway, Aiea, Hawaii 96701",9-8-007 : 008,ENV,PS,Unpermited,#6,0
Chinatown Clean Team,No TMK,"1300 College Walk, Honolulu, Hawaii 96813",DFM,OTH,Unpermited,#6,0
Salt Lake District Park,"1159 Ala Lilikoi Place, Honolulu, Hawaii 96818",1-1-063 : 014 and 018,DPR,PRK,Table 2,#3,0
Paalaa Kai Wastewater Treatment Plant,"66-1012 Oliana Street, Waialua, Hawaii 96791",6-6-034 : 034,ENV,WWTP,Table 2,#3.wwtp,0
Halawa Pump Station,"99-560 Salt Lake Boulevard, Aiea, Hawaii 96701",9-9-003 : 062,ENV,PS,Unpermited,#6,0
Mililani Pump Station,"94-490 Punono Street, Mililani, Hawaii 96789",9-4-141 : 086,ENV,PS,Unpermited,#6,0
Waipahu Tree Farm,"94-145 Waipahu Depot Street, Waipahu, Hawaii 96797",9-3-002 : 009,DPR,OTH,Unpermited,#6,0
Awa Street Pump Station,"190 Nimitz Highway, Honolulu, Hawaii 96817",1-5-040 : 003,ENV,PS,Unpermited,#6,0
Kamehameha Highway (Keehi Lagoon) Pump Station,"2691 North Nimitz Highway, Honolulu, Hawaii 96819",1-1-003 : 028,ENV,PS,Unpermited,#6,0
Hart Street Pump Station,"1031 North Nimitz Highway, Honolulu, Hawaii 96817",1-5-034 : 008,ENV,PS,Unpermited,#6,0
Aliamanu #2 Pump Station,"4230 Salt Lake Boulevard, Honolulu, Hawaii 96818",1-1-023 : 103,ENV,PS,Unpermited,#6,0
Aliamanu #1 Pump Station,"3774 Salt Lake Boulevard, Honolulu, Hawaii 96818",1-1-021 : 010,ENV,PS,Unpermited,#6,0
West Loch Shoreline Park,"91-1000 Kapapapuhi Street, Ewa Beach, Hawaii 96706","9-1-063 : 112 and 113, 9-1-017 : 014, 020-030, 044, and 9-4-048 : 002-004, and 074",DPR,PRK,Unpermited,#6,0
Waiawa Industrial Park Pump Station,"96-090 Waihona Street, Pearl City, Hawaii 96782",9-6-004 : 024,ENV,PS,Unpermited,#6,0
Hanauma Bay Nature Preserve,"7455 Kalanianaole Highway, Honolulu, Hawaii 96834",3-9-012 : 002,DPR,PRK,Table 2,#3,0
Pearl City Pump Station,"790 Lehua Avenue, Pearl City, Hawaii 96782",9-7-016 : 028,ENV,PS,Unpermited,#6,0
Sand Island Industrial Park Pump Station,"1026 Paapu Street, Honolulu, Hawaii 96819",1-5-041 : 093,ENV,PS,Unpermited,#6,0
Public Baths Pump Station,"2729 Kalakaua Avenue, Honolulu, Hawaii 96815",3-1-031 : 007,ENV,PS,Unpermited,#6,0
Kapiolani Nursery,"3902 Paki Avenue, Honolulu, Hawaii 96815",3-1-043 : 007,DPR,OTH,Unpermited,#6,0
Kunia Pump Station,"94-117 Leokane Street, Waipahu, Hawaii 96797",9-4-049 : 047,ENV,PS,Unpermited,#6,0
West Loch Estates Pump Station,"91-1024 Kapapapuhi Street, Ewa Beach, Hawaii 96706",9-1-017 : 006,ENV,PS,Unpermited,#6,0
West Loch Fairways Pump Station,"91-126 Haiea Place, Ewa Beach, Hawaii 96706",9-1-063 : 113,ENV,PS,Unpermited,#6,0
Neal Blaisdell Center,"777 Ward Avenue, Honolulu, Hawaii 96814",2-3-008 : 001 and 002,DES,OTH,Table 2,#5,VII
Homeland Security Division Storage Facility,Uncertainty,Uncertainty,HPD,OTH,Unpermited,#6,0
Puunui District Park,"2555 Puunui Avenue, Honolulu, Hawaii 96817",1-8-014 : 001,DPR,PRK,Table 2,#3,0
Waimanalo District Park,"41-415 Hihimanu Street, Waimanalo, Hawaii 96795",4-1-009 : 264,DPR,PRK,Table 2,#3,0
Kahuku Wastewater Treatment Plant,"54-501 Kamehameha Highway, Kahuku, Hawaii 96731",5-6-002 : 024,ENV,WWTP,Unpermited,#6.wwtp,0
Kailua District Park,"21 South Kainalu Drive, Kailua, Hawaii 96734",4-3-056 : 009,DPR,PRK,Table 2,#3,0
Enchanted Lake Pump Station,"893 Akumu Street, Kailua, Hawaii 96734",4-2-050 : 033,ENV,PS,Unpermited,#6,0
Kuliouou Pump Station,Uncertainty,Uncertainty,ENV,PS,Unpermited,#6,0
Alala Point Pump Station,"1282 Mokulua Drive, Kailua, Hawaii 96734",4-3-005 : 001,ENV,PS,Unpermited,#6,0
Pearl City District Park,"785 Hoomaemae Street, Pearl City, Hawaii 96782",9-7-036 : 123,DPR,PRK,Table 2,#3,0
Niu Valley Pump Station,"5712 Kalanianaole Highway, Honolulu, Hawaii 96821",3-7-010 : 052,ENV,PS,Unpermited,#6,0
Aala Pump Station,"843 Mokulua Drive, Kailua, Hawaii 96734",4-3-008 : 027,ENV,PS,Unpermited,#6,0
Makakilo Community Park,"92-1120 Makakilo Drive, Kapolei, Hawaii 96707",9-2-019 : 035,DPR,PRK,Table 2,#3,0
Paiko Drive Pump Station,"265 Paiko Drive, Honolulu, Hawaii 96821",3-8-001 : 034,ENV,PS,Unpermited,#6,0
Koko Crater Botanical Garden,"400 Kealahou Street, Honolulu, Hawaii 96825",3-9-012 : 001,DPR,PRK,Unpermited,#6,0
Petrie Community Park,"1039 20th Avenue, Honolulu, Hawaii 96816",3-2-045 : 002,DPR,PRK,Unpermited,#6,0
Kilauea District Park,"4109 Kilauea Avenue, Honolulu, Hawaii 96816",3-2-059 : 002 and 003,DPR,PRK,Table 2,#3,0
Nanakuli District Park,"89-269 Farrington Highway, Waianae, Hawaii 96792",8-9-001 : 002 and 004,DPR,PRK,Table 2,#3,0
Kahala Pump Station,"4975 Kahala Avenue, Honolulu, Hawaii 96816",3-5-023 : 042,ENV,PS,Unpermited,#6,0
Ala Moana #1 and #2 Pump Station,"2210 Keawe Street, Honolulu, Hawaii 96813",2-1-015 : 023,ENV,PS,Unpermited,#6,0
Makakilo Pump Station,"92-624 Nohona Street, Kapolei, Hawaii 96707",9-2-017 : 001,ENV,PS,Unpermited,#6,0
Waipahu District Park,"94-230 Paiwa Street, Waipahu, Hawaii 96797",9-4-017 : 003,DPR,PRK,Table 2,#3,0
Nanakuli Pump Station,"89-403 Farrington Highway, Waianae, Hawaii 96792",8-9-006 : 088,ENV,PS,Unpermited,#6,0
Lualualei Pump Station,"87-1581 Farrington Highway, Waianae, Hawaii 96792",8-7-007 : 067,ENV,PS,Unpermited,#6,0
West Beach #1 Pump Station,"2750 Aliinui Drive, Kapolei, Hawaii 96707",9-1-057 : 028,ENV,PS,Unpermited,#6,0
West Beach #2 Pump Station,"92-624 Waipahe Place, Kapolei, Hawaii 96707",9-1-057 : 021,ENV,PS,Unpermited,#6,0
Kapolei Business Park Wastewater Pump Station,Uncertainty,Uncertainty,ENV,PS,Unpermited,#6,0
Ewa Beach Pump Station,"91-690 Pohakupuna Road, Ewa Beach, Hawaii 96706",9-1-009 : 112,ENV,PS,Unpermited,#6,0
Halekou Pump Station,"45-309 Kahiko Street, Kaneohe, Hawaii 96744",4-5-054 : 078,ENV,PS,Unpermited,#6,0
Waikalua Pump Station,"45-044 Holowai Place, Kaneohe, Hawaii 96744",4-5-007 : 048,ENV,PS,Unpermited,#6,0
Maunawili Estates Pump Station,"1265 Maunawili Road, Kailua, Hawaii 96734",4-2-067 : 028,ENV,PS,Unpermited,#6,0
Palolo District Park,"2007 Palolo Avenue, Honolulu, Hawaii 96816",3-4-006 : 003,DPR,PRK,Table 2,#3,0
Kaneohe Bay #1 Pump Station,"45-230 Kulauli Street, Kaneohe, Hawaii 96744",4-5-030 : 036,ENV,PS,Unpermited,#6,0
Maunawili Park Pump Station,"830 Auloa Road, Kailua, Hawaii 96734",4-2-007 : 031,ENV,PS,Unpermited,#6,0
Kukanono Pump Station,"705 Manu-Oo Street, Kailua, Hawaii 96734",4-2-013 : 041,ENV,PS,Unpermited,#6,0
Hoomaluhia Botanical Garden,"45-680 Luluku Road, Kaneohe, Hawaii 96744",4-5-041 : 009-012 and 4-5-042 : 012,DPR,PRK,Table 2,#3,0
Kahaluu Pump Station,"47-511 Kamehameha Highway, Kaneohe, Hawaii 96744",4-7-011 : 016,ENV,PS,Unpermited,#6,0
Queen Kapiolani Garden,"150 Kapahulu Avenue, Honolulu, Hawaii 96815",3-1-043 : 001,DPR,PRK,Unpermited,#6,0
Airport Vehicle Maintenance Yard,"3375 Koapaka Street, Honolulu, Hawaii 96819",1-1-015 : 013,EMS,OTH,Unpermited,#7,VII
Ala Moana Regional Park (including Maintenance Baseyard),"1201 Ala Moana Boulevard, Honolulu, Hawaii 96814",2-3-020 : 029,DPR,CY,Table 2,#4,VII
McCully District Park,"831 Pumehana Street, Honolulu, Hawaii 96826",2-3-029 : 002,DPR,PRK,Table 2,#3,0
Ahuimanu Pre-Treatment Facility,"47-305 Kahekili Highway, Kaneohe, Hawaii 96744",4-7-004 : 006,ENV,OTH,Unpermited,#6,0
Laenani Pump Station,"47-060 Laenani Drive, Kaneohe, Hawaii 96744",4-7-010 : 017,ENV,PS,Unpermited,#6,0
Alii Bluffs Pump Station,"46-336 Kamehameha Highway, Kaneohe, Hawaii 96744",4-6-016 : 006,ENV,PS,Unpermited,#6,0
Heeia Pump Station,"46-195 Yacht Club Street, Kaneohe, Hawaii 96744",4-6-023 : 041,ENV,PS,Unpermited,#6,0
Miomio Pump Station,"47-211 Kamehameha Highway, Kaneohe, Hawaii 96744",4-7-030 : 008,ENV,PS,Unpermited,#6,0
Kailua Road Pump Station,"832 Kailua Road, Kailua, Hawaii 96734",4-2-016 : 004,ENV,PS,Unpermited,#6,0
Kualoa Regional Park (including Maintenance Baseyard),"49-479 Kamehameha Highway, Kaneohe, Hawaii 96744",4-9-004 : 001,DPR,CY,Table 2,#4,VII
Waipio Peninsula Soccer Complex (including Maintenance Baseyard),"93-061 Waipio Point Access Road, Waipahu, Hawaii 96797",9-3-002 : 001 and 009,DPR,CY,Table 2,#4,IV
Kapiolani District (Regional) Park (including Maintenance Baseyard),"3447 Leahi Avenue, Honolulu, Hawaii 96815",3-1-043 : 001,DPR,CY,Table 2,#4,VIII
Neal S. Blaisdell Park (including Maintenance Baseyard),"98-319 Kamehameha Highway, Pearl City, Hawaii 96782",9-8-007 : 008,DPR,CY,Unpermited,#7,I & II
Keehi Lagoon Park Maintenance Baseyard,"465 Lagoon Drive, Honolulu, Hawaii 96819",1-1-003 : 239,DPR,CY,Table 2,#4,VII
Honolulu Zoo,"151 Kapahulu Avenue, Honolulu, Hawaii 96815",3-1-043 : 001 and 003,DES,OTH,Table 2,#4,VIII
Waikiki Shell,"2805 Monsarrat Avenue, Honolulu, Hawaii 96815",3-1-043 : 001,DES,OTH,Table 2,#4,VIII
Kahuku Golf Course,"56-501 Kamehameha Highway, Kahuku, Hawaii 96731",5-6-002 : 048,DES,GC,Table 2,#4,VIII
Waianae District Park (including Maintenance Baseyard),"85-663 Farrington Highway, Waianae, Hawaii 96792",8-5-002 : 049,DPR,CY,Table 2,#4,I & II
Kaiaka Bay Beach Park (including Maintenance Baseyard),"66-449 Haleiwa Road, Haleiwa, Hawaii 96712",6-6-007 : 007,DPR,CY,Table 2,#4,VII
Koko Head Regional Park (Uka) (including Maintenance Baseyard),"7600 Koko Head Park Road, Honolulu, Hawaii 96825",3-9-012 : 001 and 010,DPR,CY,Table 2,#4,I & II
